Task_ID,Department,Task_Type,Priority,Deadline_Days,Estimated_Hours,Resource_Available,Optimization_Score
1238,HR,Development,5,1,19,1,30.0
539,Marketing,Development,5,1,16,1,30.0
2845,Finance,Development,5,1,2,1,30.0
1002,Tech,Support,5,1,5,1,30.0
1624,HR,Development,5,1,13,1,30.0
793,Marketing,Support,5,1,20,1,30.0
860,Tech,Hiring,5,1,1,1,30.0
157,Tech,Payment,5,1,12,1,30.0
2446,Marketing,Payment,5,1,5,1,30.0
2473,Tech,Payment,5,1,2,1,30.0
1404,Finance,Campaign,5,1,8,1,30.0
120,Marketing,Development,5,1,3,1,30.0
2161,Marketing,Hiring,5,1,8,1,30.0
2634,HR,Support,5,1,17,1,30.0
836,HR,Hiring,5,1,9,1,30.0
1839,HR,Hiring,4,1,7,1,27.0
1813,Tech,Hiring,4,1,2,1,27.0
1878,Finance,Support,4,1,7,1,27.0
2358,Tech,Payment,4,1,9,1,27.0
2445,HR,Hiring,4,1,6,1,27.0
98,HR,Campaign,4,1,7,1,27.0
498,HR,Development,4,1,12,1,27.0
1333,Tech,Payment,4,1,19,1,27.0
2289,Marketing,Hiring,5,1,5,0,25.0
1021,Tech,Development,5,2,12,1,25.0
2258,Finance,Campaign,5,2,5,1,25.0
706,Marketing,Support,5,1,15,0,25.0
1780,HR,Support,5,1,1,0,25.0
559,HR,Support,5,2,12,1,25.0
601,Marketing,Development,5,2,14,1,25.0
2806,Tech,Development,5,2,7,1,25.0
953,Marketing,Development,5,1,3,0,25.0
2824,HR,Development,5,1,17,0,25.0
904,Tech,Hiring,5,2,10,1,25.0
1477,Tech,Payment,5,2,1,1,25.0
1455,Marketing,Development,5,1,15,0,25.0
2652,Marketing,Support,5,1,17,0,25.0
837,Tech,Support,5,2,20,1,25.0
1612,Finance,Hiring,5,1,3,0,25.0
1627,Marketing,Development,5,1,11,0,25.0
2592,Finance,Campaign,5,2,19,1,25.0
2179,Tech,Campaign,5,1,10,0,25.0
258,Finance,Support,5,2,1,1,25.0
1694,Tech,Development,5,2,14,1,25.0
2908,Marketing,Hiring,5,1,13,0,25.0
2317,Finance,Payment,3,1,17,1,24.0
2278,Finance,Campaign,3,1,4,1,24.0
723,HR,Campaign,3,1,8,1,24.0
1944,Finance,Development,3,1,7,1,24.0
2072,Tech,Hiring,3,1,1,1,24.0
424,Tech,Hiring,3,1,5,1,24.0
54,HR,Payment,3,1,4,1,24.0
937,Finance,Support,3,1,19,1,24.0
2220,Tech,Payment,3,1,17,1,24.0
2398,Tech,Development,3,1,10,1,24.0
2148,Marketing,Hiring,5,3,13,1,23.333333333333332
980,Finance,Support,5,3,12,1,23.333333333333332
2529,HR,Development,5,3,16,1,23.333333333333332
1166,Finance,Hiring,5,3,4,1,23.333333333333332
2005,HR,Hiring,5,3,16,1,23.333333333333332
1683,Marketing,Hiring,5,4,15,1,22.5
412,HR,Support,5,4,4,1,22.5
1210,Marketing,Development,5,4,13,1,22.5
1985,Finance,Campaign,5,4,14,1,22.5
2390,Finance,Support,5,4,5,1,22.5
2381,Finance,Hiring,5,4,13,1,22.5
2651,HR,Development,5,4,12,1,22.5
482,Finance,Payment,5,5,18,1,22.0
2076,Tech,Campaign,4,1,18,0,22.0
742,Finance,Hiring,4,2,17,1,22.0
178,Tech,Support,5,5,11,1,22.0
2136,Marketing,Hiring,5,5,14,1,22.0
442,HR,Support,4,2,19,1,22.0
437,HR,Campaign,4,2,7,1,22.0
2229,Marketing,Hiring,4,1,19,0,22.0
1122,Tech,Campaign,5,5,2,1,22.0
283,Finance,Hiring,5,5,19,1,22.0
327,Tech,Support,4,2,6,1,22.0
1818,Tech,Development,4,1,8,0,22.0
2755,HR,Development,4,1,20,0,22.0
309,HR,Payment,4,2,19,1,22.0
137,Marketing,Hiring,4,2,19,1,22.0
1492,Tech,Campaign,4,1,12,0,22.0
1554,HR,Hiring,5,5,14,1,22.0
819,HR,Support,5,5,4,1,22.0
827,Tech,Support,5,5,2,1,22.0
753,Finance,Campaign,5,5,3,1,22.0
2296,HR,Development,4,1,12,0,22.0
1313,Marketing,Hiring,4,1,17,0,22.0
2870,Tech,Campaign,4,1,11,0,22.0
2877,Finance,Support,4,1,3,0,22.0
404,Marketing,Campaign,4,1,3,0,22.0
2230,HR,Hiring,4,1,8,0,22.0
1124,Tech,Support,4,1,13,0,22.0
974,Tech,Campaign,4,2,2,1,22.0
2790,HR,Development,4,1,12,0,22.0
355,HR,Campaign,4,2,12,1,22.0
1868,Marketing,Campaign,4,1,10,0,22.0
1897,Finance,Development,4,1,16,0,22.0
2302,Marketing,Development,4,1,7,0,22.0
1638,Marketing,Development,5,6,4,1,21.666666666666668
2632,Tech,Support,5,6,11,1,21.666666666666668
1596,HR,Payment,5,6,20,1,21.666666666666668
2482,Marketing,Development,5,6,7,1,21.666666666666668
2807,Marketing,Payment,5,6,15,1,21.666666666666668
606,Tech,Campaign,5,6,19,1,21.666666666666668
1893,Marketing,Campaign,5,6,16,1,21.666666666666668
349,HR,Payment,5,6,19,1,21.666666666666668
993,Finance,Hiring,5,6,10,1,21.666666666666668
35,Finance,Support,5,6,6,1,21.666666666666668
311,HR,Hiring,5,7,6,1,21.428571428571427
1606,Tech,Payment,5,7,15,1,21.428571428571427
810,Marketing,Development,5,7,4,1,21.428571428571427
403,Tech,Support,5,7,1,1,21.428571428571427
2277,HR,Hiring,5,7,16,1,21.428571428571427
95,Finance,Development,5,7,6,1,21.428571428571427
2051,Finance,Development,5,7,1,1,21.428571428571427
2478,HR,Hiring,5,7,19,1,21.428571428571427
1810,Finance,Hiring,5,7,19,1,21.428571428571427
1738,Tech,Hiring,5,7,4,1,21.428571428571427
1598,Marketing,Campaign,5,7,6,1,21.428571428571427
468,Marketing,Payment,5,7,7,1,21.428571428571427
987,HR,Campaign,5,8,8,1,21.25
2283,HR,Campaign,5,8,5,1,21.25
1717,HR,Development,5,8,9,1,21.25
833,Tech,Development,5,8,18,1,21.25
2468,Marketing,Hiring,5,8,11,1,21.25
2352,Marketing,Hiring,5,8,20,1,21.25
2030,HR,Campaign,5,8,9,1,21.25
36,Marketing,Development,5,8,11,1,21.25
2662,Finance,Support,5,8,8,1,21.25
2950,HR,Hiring,5,8,2,1,21.25
1144,Tech,Payment,5,9,6,1,21.11111111111111
1567,Marketing,Payment,5,9,5,1,21.11111111111111
2557,HR,Support,5,9,10,1,21.11111111111111
2364,HR,Payment,5,9,20,1,21.11111111111111
1373,HR,Support,5,9,1,1,21.11111111111111
692,Finance,Campaign,5,9,15,1,21.11111111111111
1771,Tech,Hiring,5,9,7,1,21.11111111111111
1317,Finance,Hiring,5,9,20,1,21.11111111111111
985,HR,Payment,5,9,7,1,21.11111111111111
2244,Finance,Hiring,5,9,16,1,21.11111111111111
2969,Tech,Payment,5,9,12,1,21.11111111111111
1729,Finance,Development,5,9,1,1,21.11111111111111
863,Finance,Support,5,9,1,1,21.11111111111111
794,HR,Campaign,5,9,15,1,21.11111111111111
948,HR,Campaign,5,9,19,1,21.11111111111111
2608,Marketing,Payment,5,10,10,1,21.0
1275,Tech,Development,2,1,20,1,21.0
2850,Finance,Hiring,5,10,12,1,21.0
2205,Marketing,Payment,2,1,7,1,21.0
2238,Tech,Hiring,2,1,1,1,21.0
2121,HR,Payment,2,1,11,1,21.0
979,HR,Hiring,5,10,1,1,21.0
2325,Tech,Hiring,5,10,2,1,21.0
2695,HR,Payment,2,1,15,1,21.0
1156,Marketing,Hiring,5,10,7,1,21.0
2636,Finance,Campaign,5,10,14,1,21.0
1548,Tech,Hiring,5,10,2,1,21.0
775,Finance,Campaign,2,1,5,1,21.0
274,HR,Campaign,5,10,11,1,21.0
1725,Finance,Hiring,5,10,13,1,21.0
821,Tech,Hiring,2,1,5,1,21.0
1547,HR,Campaign,5,10,5,1,21.0
619,Tech,Support,2,1,7,1,21.0
558,Finance,Hiring,2,1,17,1,21.0
1494,Finance,Hiring,2,1,2,1,21.0
1824,HR,Payment,5,10,8,1,21.0
2415,Finance,Hiring,2,1,4,1,21.0
1349,HR,Payment,2,1,18,1,21.0
960,Tech,Campaign,2,1,5,1,21.0
1784,Finance,Campaign,5,10,6,1,21.0
46,HR,Support,2,1,20,1,21.0
2075,Tech,Payment,5,11,10,1,20.909090909090907
2105,HR,Payment,5,11,9,1,20.909090909090907
80,HR,Support,5,11,17,1,20.909090909090907
1047,Tech,Payment,5,11,12,1,20.909090909090907
2190,Tech,Hiring,5,11,14,1,20.909090909090907
1133,Finance,Payment,5,11,12,1,20.909090909090907
2894,Marketing,Campaign,5,11,15,1,20.909090909090907
971,HR,Payment,5,11,4,1,20.909090909090907
2486,Tech,Campaign,5,11,14,1,20.909090909090907
652,HR,Development,5,11,11,1,20.909090909090907
672,Finance,Support,5,11,14,1,20.909090909090907
843,Marketing,Hiring,5,11,17,1,20.909090909090907
1142,Marketing,Campaign,5,11,16,1,20.909090909090907
2629,Finance,Development,5,11,12,1,20.909090909090907
461,Finance,Hiring,5,11,17,1,20.909090909090907
2160,Marketing,Campaign,5,12,17,1,20.833333333333336
1576,Tech,Campaign,5,12,16,1,20.833333333333336
330,HR,Campaign,5,12,16,1,20.833333333333336
2120,HR,Development,5,12,13,1,20.833333333333336
2690,HR,Hiring,5,13,17,1,20.76923076923077
2599,Tech,Payment,5,13,16,1,20.76923076923077
1744,Tech,Development,5,13,2,1,20.76923076923077
1108,Finance,Support,5,13,19,1,20.76923076923077
573,Marketing,Campaign,5,13,9,1,20.76923076923077
1249,Finance,Support,5,13,6,1,20.76923076923077
107,Finance,Hiring,5,13,19,1,20.76923076923077
851,Tech,Campaign,5,13,3,1,20.76923076923077
166,Marketing,Payment,5,14,20,1,20.714285714285715
317,Tech,Hiring,5,14,18,1,20.714285714285715
2414,Tech,Development,5,14,10,1,20.714285714285715
1929,HR,Campaign,5,14,19,1,20.714285714285715
1965,Marketing,Campaign,5,14,20,1,20.714285714285715
1912,Finance,Payment,5,14,20,1,20.714285714285715
976,Finance,Campaign,5,14,12,1,20.714285714285715
1294,Marketing,Development,5,14,16,1,20.714285714285715
511,Marketing,Payment,5,14,3,1,20.714285714285715
1239,Marketing,Hiring,5,14,16,1,20.714285714285715
2083,Marketing,Development,5,15,3,1,20.666666666666664
2145,Marketing,Development,5,15,15,1,20.666666666666664
670,Tech,Campaign,5,15,8,1,20.666666666666664
2767,Finance,Support,5,15,2,1,20.666666666666664
434,HR,Development,5,15,8,1,20.666666666666664
154,Tech,Payment,5,15,13,1,20.666666666666664
1070,Marketing,Hiring,5,15,5,1,20.666666666666664
1185,HR,Support,5,15,9,1,20.666666666666664
1566,Tech,Support,5,15,14,1,20.666666666666664
1149,Tech,Campaign,5,15,6,1,20.666666666666664
1363,Marketing,Campaign,5,15,6,1,20.666666666666664
2201,Marketing,Payment,5,15,4,1,20.666666666666664
1243,Tech,Support,5,15,9,1,20.666666666666664
2424,Marketing,Hiring,5,16,14,1,20.625
736,Tech,Support,5,16,19,1,20.625
2698,HR,Hiring,5,16,16,1,20.625
1030,Marketing,Hiring,5,16,10,1,20.625
1071,Marketing,Payment,5,16,13,1,20.625
114,Finance,Payment,5,16,9,1,20.625
546,HR,Development,5,16,6,1,20.625
444,HR,Campaign,5,16,7,1,20.625
2900,Finance,Payment,5,16,5,1,20.625
1708,Finance,Development,5,16,4,1,20.625
2146,HR,Development,5,17,2,1,20.588235294117645
2883,Marketing,Hiring,5,17,5,1,20.588235294117645
2223,Finance,Payment,5,17,3,1,20.588235294117645
2913,Finance,Hiring,5,17,18,1,20.588235294117645
224,HR,Hiring,5,17,20,1,20.588235294117645
2978,Marketing,Hiring,5,17,1,1,20.588235294117645
1225,Marketing,Support,5,17,7,1,20.588235294117645
2004,HR,Payment,5,17,10,1,20.588235294117645
1886,Finance,Hiring,5,17,2,1,20.588235294117645
56,HR,Payment,5,17,1,1,20.588235294117645
1483,Finance,Support,5,17,7,1,20.588235294117645
1437,Finance,Development,5,17,9,1,20.588235294117645
1170,Tech,Payment,5,17,10,1,20.588235294117645
2519,Finance,Support,5,18,13,1,20.555555555555557
337,Marketing,Support,5,18,7,1,20.555555555555557
1593,HR,Support,5,18,15,1,20.555555555555557
1820,Tech,Hiring,5,18,15,1,20.555555555555557
1704,Tech,Hiring,5,18,4,1,20.555555555555557
854,Tech,Payment,5,18,6,1,20.555555555555557
2442,Finance,Development,5,18,2,1,20.555555555555557
2065,Tech,Support,5,18,8,1,20.555555555555557
1862,Finance,Hiring,5,18,4,1,20.555555555555557
690,Finance,Campaign,5,18,14,1,20.555555555555557
1051,Finance,Support,5,18,5,1,20.555555555555557
991,Finance,Development,5,18,17,1,20.555555555555557
2708,Finance,Support,5,19,6,1,20.526315789473685
1670,HR,Hiring,5,19,14,1,20.526315789473685
1091,HR,Hiring,5,19,15,1,20.526315789473685
2736,Finance,Payment,5,19,20,1,20.526315789473685
2060,Tech,Payment,5,19,17,1,20.526315789473685
2826,Finance,Hiring,5,19,15,1,20.526315789473685
2123,Tech,Hiring,5,19,2,1,20.526315789473685
370,Tech,Campaign,5,19,11,1,20.526315789473685
2165,Finance,Campaign,5,19,6,1,20.526315789473685
1730,Finance,Development,5,19,16,1,20.526315789473685
2377,Tech,Hiring,5,19,10,1,20.526315789473685
1979,Tech,Payment,5,20,18,1,20.5
2351,HR,Hiring,5,20,18,1,20.5
654,Marketing,Hiring,5,20,8,1,20.5
108,HR,Hiring,5,20,5,1,20.5
1312,Finance,Campaign,5,20,11,1,20.5
2128,Tech,Support,5,20,15,1,20.5
1936,HR,Development,5,20,8,1,20.5
1436,Finance,Support,5,20,15,1,20.5
2741,Finance,Hiring,5,20,1,1,20.5
2494,HR,Campaign,5,20,9,1,20.5
795,Marketing,Support,5,20,14,1,20.5
1850,Finance,Payment,5,20,7,1,20.5
713,Marketing,Hiring,5,20,12,1,20.5
92,HR,Payment,5,21,15,1,20.476190476190474
2157,HR,Hiring,5,21,8,1,20.476190476190474
939,Finance,Hiring,5,21,19,1,20.476190476190474
2124,Marketing,Support,5,21,17,1,20.476190476190474
2032,Marketing,Support,5,21,16,1,20.476190476190474
2459,Marketing,Support,5,22,13,1,20.454545454545453
116,HR,Payment,5,22,10,1,20.454545454545453
720,HR,Support,5,22,12,1,20.454545454545453
2208,HR,Support,5,22,13,1,20.454545454545453
272,HR,Payment,5,22,14,1,20.454545454545453
100,Marketing,Campaign,5,22,7,1,20.454545454545453
1337,Tech,Development,5,22,3,1,20.454545454545453
1234,Marketing,Campaign,5,22,13,1,20.454545454545453
89,HR,Support,5,22,19,1,20.454545454545453
2787,Finance,Payment,5,22,4,1,20.454545454545453
1327,Marketing,Development,5,22,9,1,20.454545454545453
565,HR,Development,5,22,16,1,20.454545454545453
1940,Tech,Support,5,22,11,1,20.454545454545453
128,Marketing,Hiring,5,23,12,1,20.434782608695652
2780,Tech,Development,5,23,2,1,20.434782608695652
533,Marketing,Campaign,5,23,4,1,20.434782608695652
612,Finance,Support,5,23,6,1,20.434782608695652
734,HR,Support,5,23,3,1,20.434782608695652
2660,HR,Hiring,5,23,20,1,20.434782608695652
2676,Marketing,Hiring,5,23,4,1,20.434782608695652
2704,Marketing,Support,5,23,15,1,20.434782608695652
522,Tech,Support,5,23,12,1,20.434782608695652
2225,HR,Development,5,23,15,1,20.434782608695652
2153,Marketing,Development,5,23,6,1,20.434782608695652
737,HR,Campaign,5,24,15,1,20.416666666666664
717,Tech,Support,5,24,5,1,20.416666666666664
1509,HR,Support,5,24,14,1,20.416666666666664
228,Finance,Payment,5,24,1,1,20.416666666666664
2729,Tech,Development,5,24,18,1,20.416666666666664
1578,Finance,Campaign,5,24,13,1,20.416666666666664
2560,Finance,Support,5,24,10,1,20.416666666666664
661,HR,Hiring,5,24,15,1,20.416666666666664
96,Finance,Support,5,24,16,1,20.416666666666664
2872,Finance,Payment,5,24,19,1,20.416666666666664
1844,Tech,Support,5,24,3,1,20.416666666666664
2413,Finance,Support,5,24,5,1,20.416666666666664
415,Tech,Campaign,5,25,17,1,20.4
1358,Tech,Hiring,5,25,17,1,20.4
599,HR,Development,5,25,12,1,20.4
2775,HR,Support,5,25,16,1,20.4
1351,HR,Development,5,25,12,1,20.4
2841,Marketing,Campaign,5,25,11,1,20.4
1434,HR,Hiring,5,25,13,1,20.4
71,Finance,Payment,5,25,6,1,20.4
520,Finance,Support,5,25,19,1,20.4
2638,Finance,Development,5,25,11,1,20.4
1789,Marketing,Hiring,5,25,4,1,20.4
1425,HR,Campaign,5,25,3,1,20.4
1603,Finance,Campaign,5,25,14,1,20.4
2017,Marketing,Support,5,26,2,1,20.384615384615387
2110,Finance,Support,5,26,9,1,20.384615384615387
778,HR,Campaign,5,26,14,1,20.384615384615387
2919,HR,Development,5,26,5,1,20.384615384615387
286,Tech,Development,5,26,18,1,20.384615384615387
1372,Tech,Payment,5,26,6,1,20.384615384615387
133,Marketing,Campaign,5,26,2,1,20.384615384615387
2992,Finance,Payment,5,26,11,1,20.384615384615387
1006,Marketing,Hiring,5,26,16,1,20.384615384615387
343,Tech,Campaign,5,27,8,1,20.37037037037037
1352,HR,Hiring,5,27,17,1,20.37037037037037
1191,Tech,Campaign,5,27,14,1,20.37037037037037
1757,Marketing,Payment,5,27,17,1,20.37037037037037
1786,HR,Support,5,27,6,1,20.37037037037037
1479,Finance,Support,5,27,5,1,20.37037037037037
1848,HR,Development,5,27,7,1,20.37037037037037
167,HR,Campaign,5,27,10,1,20.37037037037037
2684,Marketing,Development,5,27,4,1,20.37037037037037
341,Tech,Payment,5,27,4,1,20.37037037037037
1687,HR,Development,5,27,16,1,20.37037037037037
2216,Finance,Campaign,5,27,14,1,20.37037037037037
1571,Finance,Campaign,5,28,20,1,20.357142857142858
2875,HR,Development,5,28,19,1,20.357142857142858
841,Tech,Campaign,5,28,9,1,20.357142857142858
2677,Marketing,Campaign,5,28,16,1,20.357142857142858
1520,Marketing,Campaign,5,28,10,1,20.357142857142858
1552,Marketing,Hiring,5,28,14,1,20.357142857142858
943,HR,Campaign,5,28,3,1,20.357142857142858
2635,Finance,Support,5,29,8,1,20.344827586206897
1331,Finance,Hiring,5,29,12,1,20.344827586206897
117,Marketing,Hiring,5,29,13,1,20.344827586206897
1302,HR,Development,5,29,5,1,20.344827586206897
288,Marketing,Campaign,5,29,7,1,20.344827586206897
897,Finance,Development,5,29,6,1,20.344827586206897
1574,Finance,Support,5,29,15,1,20.344827586206897
664,Finance,Development,5,29,10,1,20.344827586206897
512,Finance,Hiring,5,29,3,1,20.344827586206897
2264,Finance,Campaign,5,29,11,1,20.344827586206897
102,Finance,Development,5,29,20,1,20.344827586206897
219,HR,Development,5,30,2,1,20.333333333333336
1636,Tech,Campaign,5,30,10,1,20.333333333333336
771,Marketing,Development,5,30,3,1,20.333333333333336
1617,Tech,Hiring,4,3,19,1,20.333333333333336
315,Tech,Hiring,5,30,15,1,20.333333333333336
2977,HR,Payment,4,3,10,1,20.333333333333336
2195,Marketing,Campaign,4,3,19,1,20.333333333333336
20,Tech,Development,5,30,15,1,20.333333333333336
2858,Marketing,Campaign,5,30,15,1,20.333333333333336
2103,Marketing,Development,5,30,13,1,20.333333333333336
1276,HR,Support,5,30,8,1,20.333333333333336
1008,Marketing,Payment,4,3,10,1,20.333333333333336
1248,Finance,Campaign,5,30,14,1,20.333333333333336
131,HR,Development,5,30,18,1,20.333333333333336
582,Marketing,Campaign,5,30,3,1,20.333333333333336
1808,Marketing,Campaign,5,30,19,1,20.333333333333336
865,HR,Campaign,4,3,15,1,20.333333333333336
2921,Marketing,Hiring,4,3,15,1,20.333333333333336
702,HR,Payment,5,30,13,1,20.333333333333336
2508,Finance,Support,4,3,16,1,20.333333333333336
1367,Tech,Payment,5,30,1,1,20.333333333333336
2718,Tech,Development,5,2,1,0,20.0
697,Tech,Hiring,5,2,12,0,20.0
954,HR,Payment,5,2,7,0,20.0
2923,Marketing,Campaign,5,2,6,0,20.0
1111,Marketing,Development,5,2,6,0,20.0
1376,Marketing,Support,5,2,10,0,20.0
802,Finance,Hiring,4,4,17,1,19.5
1406,HR,Development,4,4,2,1,19.5
1689,Marketing,Hiring,4,4,19,1,19.5
2751,HR,Development,4,4,8,1,19.5
1815,HR,Development,4,4,10,1,19.5
1339,Finance,Campaign,4,4,19,1,19.5
1190,HR,Hiring,4,4,11,1,19.5
101,Tech,Hiring,4,4,4,1,19.5
2297,Marketing,Payment,4,4,16,1,19.5
1749,Tech,Development,4,4,4,1,19.5
2286,HR,Support,4,4,18,1,19.5
1857,Marketing,Hiring,3,2,3,1,19.0
2746,Finance,Development,3,1,4,0,19.0
1846,Tech,Campaign,4,5,10,1,19.0
161,Tech,Support,4,5,10,1,19.0
1740,Tech,Hiring,3,2,4,1,19.0
1445,Tech,Development,4,5,16,1,19.0
2451,Tech,Hiring,4,5,20,1,19.0
1631,Tech,Support,3,2,19,1,19.0
1562,HR,Support,4,5,1,1,19.0
1039,Marketing,Payment,4,5,8,1,19.0
849,Tech,Support,4,5,15,1,19.0
780,Tech,Hiring,3,2,20,1,19.0
2613,Finance,Campaign,3,1,14,0,19.0
2549,Finance,Development,4,5,4,1,19.0
301,Marketing,Support,3,2,20,1,19.0
389,Marketing,Hiring,3,1,12,0,19.0
1321,HR,Support,4,5,4,1,19.0
2041,Marketing,Development,3,2,12,1,19.0
2027,Tech,Campaign,4,5,11,1,19.0
2387,Finance,Support,3,1,18,0,19.0
1869,Marketing,Campaign,3,1,7,0,19.0
1871,Tech,Payment,3,1,13,0,19.0
963,Finance,Support,4,5,13,1,19.0
1879,HR,Development,4,5,5,1,19.0
2848,HR,Development,4,5,7,1,19.0
1001,Finance,Support,4,5,8,1,19.0
497,Tech,Development,3,1,5,0,19.0
420,Finance,Support,4,5,15,1,19.0
2261,Marketing,Campaign,4,5,4,1,19.0
489,Marketing,Support,3,1,2,0,19.0
2979,Marketing,Campaign,3,2,16,1,19.0
2962,Marketing,Development,4,6,11,1,18.666666666666664
230,Marketing,Payment,4,6,9,1,18.666666666666664
2222,Tech,Hiring,4,6,14,1,18.666666666666664
252,Marketing,Support,4,6,20,1,18.666666666666664
259,HR,Hiring,4,6,20,1,18.666666666666664
1533,Finance,Campaign,4,6,10,1,18.666666666666664
645,HR,Campaign,4,6,8,1,18.666666666666664
1838,HR,Hiring,4,6,7,1,18.666666666666664
2685,Finance,Hiring,4,6,2,1,18.666666666666664
635,Finance,Hiring,4,6,11,1,18.666666666666664
2763,Tech,Support,4,6,13,1,18.666666666666664
620,Tech,Support,4,6,20,1,18.666666666666664
186,Marketing,Support,4,7,15,1,18.42857142857143
192,Tech,Payment,4,7,1,1,18.42857142857143
1544,Marketing,Campaign,4,7,15,1,18.42857142857143
486,Finance,Hiring,4,7,12,1,18.42857142857143
1086,Marketing,Campaign,4,7,10,1,18.42857142857143
1976,Marketing,Payment,4,7,7,1,18.42857142857143
380,Marketing,Campaign,4,7,17,1,18.42857142857143
2815,HR,Payment,4,7,17,1,18.42857142857143
1782,HR,Payment,4,7,5,1,18.42857142857143
2878,HR,Support,4,7,8,1,18.42857142857143
1356,HR,Campaign,4,7,17,1,18.42857142857143
411,Tech,Support,5,3,5,0,18.333333333333332
2053,Finance,Development,5,3,20,0,18.333333333333332
2163,Tech,Support,5,3,2,0,18.333333333333332
1611,Marketing,Hiring,5,3,14,0,18.333333333333332
2795,HR,Payment,5,3,13,0,18.333333333333332
2909,HR,Campaign,5,3,8,0,18.333333333333332
1476,HR,Support,4,8,13,1,18.25
1258,Tech,Support,4,8,16,1,18.25
2696,Finance,Hiring,4,8,13,1,18.25
198,HR,Development,4,8,15,1,18.25
155,Marketing,Campaign,4,8,4,1,18.25
2814,HR,Support,4,8,3,1,18.25
506,Marketing,Payment,4,9,3,1,18.11111111111111
804,Marketing,Support,4,9,14,1,18.11111111111111
1430,Tech,Hiring,4,9,8,1,18.11111111111111
135,Tech,Campaign,4,9,3,1,18.11111111111111
1966,Marketing,Campaign,4,9,15,1,18.11111111111111
136,Marketing,Support,4,9,16,1,18.11111111111111
1446,Marketing,Support,4,9,12,1,18.11111111111111
2835,Tech,Hiring,4,9,6,1,18.11111111111111
1908,Marketing,Development,4,9,12,1,18.11111111111111
2324,HR,Hiring,4,9,15,1,18.11111111111111
891,Tech,Development,4,9,7,1,18.11111111111111
78,HR,Development,4,9,17,1,18.11111111111111
1898,Tech,Development,4,10,16,1,18.0
2936,Marketing,Hiring,4,10,6,1,18.0
2149,Finance,Campaign,4,10,10,1,18.0
1680,Finance,Support,4,10,8,1,18.0
957,HR,Hiring,4,10,19,1,18.0
638,Tech,Hiring,4,10,3,1,18.0
2301,Marketing,Development,1,1,9,1,18.0
2315,Tech,Support,4,10,10,1,18.0
639,Finance,Support,1,1,5,1,18.0
2023,Finance,Campaign,1,1,11,1,18.0
215,Tech,Campaign,4,10,4,1,18.0
2353,Tech,Development,4,10,9,1,18.0
1244,Tech,Hiring,1,1,6,1,18.0
1514,Marketing,Payment,4,10,11,1,18.0
2655,Tech,Hiring,1,1,1,1,18.0
845,Marketing,Payment,4,10,2,1,18.0
75,Marketing,Payment,4,10,10,1,18.0
1706,HR,Development,1,1,17,1,18.0
709,HR,Payment,1,1,9,1,18.0
2457,Tech,Development,1,1,8,1,18.0
655,Finance,Payment,1,1,14,1,18.0
2133,Finance,Campaign,4,10,3,1,18.0
1889,Tech,Campaign,1,1,7,1,18.0
302,Marketing,Hiring,4,11,5,1,17.909090909090907
1353,Tech,Hiring,4,11,15,1,17.909090909090907
1751,HR,Hiring,4,11,6,1,17.909090909090907
2953,Finance,Development,4,11,11,1,17.909090909090907
1602,Tech,Support,4,11,3,1,17.909090909090907
471,Marketing,Hiring,4,11,7,1,17.909090909090907
590,Marketing,Campaign,4,11,19,1,17.909090909090907
1819,Finance,Support,4,11,10,1,17.909090909090907
698,Finance,Hiring,4,11,18,1,17.909090909090907
273,HR,Payment,4,11,16,1,17.909090909090907
247,Marketing,Hiring,4,12,10,1,17.833333333333336
2811,Marketing,Support,4,12,8,1,17.833333333333336
145,HR,Hiring,4,12,20,1,17.833333333333336
1426,Finance,Support,4,12,7,1,17.833333333333336
1538,Finance,Development,4,12,1,1,17.833333333333336
239,Tech,Support,4,12,4,1,17.833333333333336
450,Finance,Campaign,4,12,7,1,17.833333333333336
81,Tech,Payment,4,12,12,1,17.833333333333336
2731,Tech,Development,4,12,19,1,17.833333333333336
647,Marketing,Support,4,12,5,1,17.833333333333336
1685,Tech,Campaign,4,13,10,1,17.76923076923077
2597,Tech,Hiring,4,13,17,1,17.76923076923077
1137,Tech,Development,4,13,7,1,17.76923076923077
656,Marketing,Payment,4,13,13,1,17.76923076923077
2674,Tech,Campaign,4,13,7,1,17.76923076923077
1968,HR,Campaign,4,13,13,1,17.76923076923077
2821,HR,Campaign,4,13,12,1,17.76923076923077
1059,Finance,Support,4,14,14,1,17.714285714285715
1316,HR,Hiring,4,14,1,1,17.714285714285715
297,Finance,Support,4,14,2,1,17.714285714285715
2073,HR,Payment,4,14,12,1,17.714285714285715
540,Finance,Hiring,4,14,12,1,17.714285714285715
1438,Marketing,Campaign,4,14,2,1,17.714285714285715
2210,Marketing,Development,4,14,4,1,17.714285714285715
1186,HR,Campaign,4,14,7,1,17.714285714285715
94,Finance,Campaign,4,14,3,1,17.714285714285715
2667,HR,Payment,4,15,3,1,17.666666666666664
1361,Finance,Hiring,4,15,5,1,17.666666666666664
683,Tech,Campaign,4,15,3,1,17.666666666666664
1887,Finance,Development,4,15,5,1,17.666666666666664
1341,Tech,Payment,4,15,16,1,17.666666666666664
1931,HR,Hiring,4,15,4,1,17.666666666666664
2784,Finance,Payment,4,15,7,1,17.666666666666664
1332,Finance,Hiring,4,15,14,1,17.666666666666664
2008,Tech,Development,4,16,20,1,17.625
2480,Marketing,Development,4,16,13,1,17.625
1468,Finance,Development,4,16,6,1,17.625
373,Finance,Hiring,4,16,1,1,17.625
952,HR,Campaign,4,16,2,1,17.625
2417,Finance,Hiring,4,16,13,1,17.625
820,Marketing,Payment,4,16,5,1,17.625
1682,Finance,Development,4,17,20,1,17.588235294117645
2556,Finance,Development,4,17,20,1,17.588235294117645
2436,HR,Payment,4,17,7,1,17.588235294117645
1916,Finance,Support,4,17,16,1,17.588235294117645
567,Finance,Development,4,17,16,1,17.588235294117645
313,HR,Payment,4,17,5,1,17.588235294117645
1388,HR,Campaign,4,17,16,1,17.588235294117645
382,Finance,Campaign,4,17,2,1,17.588235294117645
1926,Marketing,Campaign,4,17,4,1,17.588235294117645
241,Finance,Hiring,4,17,16,1,17.588235294117645
10,Finance,Hiring,4,18,17,1,17.555555555555557
842,HR,Support,4,18,4,1,17.555555555555557
2902,Finance,Campaign,4,18,1,1,17.555555555555557
1040,Tech,Hiring,4,18,13,1,17.555555555555557
689,Tech,Development,4,18,17,1,17.555555555555557
2869,HR,Hiring,4,18,16,1,17.555555555555557
1419,Marketing,Development,4,18,8,1,17.555555555555557
2177,HR,Hiring,4,18,15,1,17.555555555555557
2456,Marketing,Hiring,4,18,5,1,17.555555555555557
926,Tech,Campaign,4,19,2,1,17.526315789473685
1273,Tech,Payment,4,19,6,1,17.526315789473685
2671,Tech,Hiring,4,19,14,1,17.526315789473685
2639,Finance,Support,4,19,11,1,17.526315789473685
2410,HR,Hiring,4,19,15,1,17.526315789473685
850,Finance,Support,5,4,15,0,17.5
840,Marketing,Development,4,20,3,1,17.5
2665,Finance,Hiring,4,20,12,1,17.5
503,Marketing,Support,4,20,19,1,17.5
413,Finance,Campaign,5,4,18,0,17.5
2523,HR,Payment,5,4,3,0,17.5
721,Finance,Development,4,20,4,1,17.5
1493,Tech,Payment,5,4,15,0,17.5
271,Finance,Development,4,20,18,1,17.5
528,Finance,Hiring,4,20,5,1,17.5
538,Tech,Hiring,4,20,11,1,17.5
394,HR,Development,4,20,19,1,17.5
653,Tech,Support,5,4,8,0,17.5
2025,Marketing,Support,5,4,1,0,17.5
607,Tech,Hiring,5,4,4,0,17.5
2372,HR,Campaign,5,4,9,0,17.5
1925,Finance,Support,5,4,4,0,17.5
597,Marketing,Development,4,20,12,1,17.5
1642,Marketing,Development,4,20,11,1,17.5
1202,Finance,Hiring,4,20,11,1,17.5
1028,Tech,Development,4,21,13,1,17.476190476190474
2889,Marketing,Hiring,4,21,7,1,17.476190476190474
61,Tech,Support,4,21,20,1,17.476190476190474
1667,HR,Hiring,4,21,15,1,17.476190476190474
2430,Tech,Hiring,4,21,9,1,17.476190476190474
2906,Tech,Campaign,4,21,3,1,17.476190476190474
2342,Tech,Hiring,4,21,14,1,17.476190476190474
2487,Finance,Development,4,21,18,1,17.476190476190474
2086,Marketing,Payment,4,21,13,1,17.476190476190474
518,Finance,Hiring,4,22,14,1,17.454545454545453
1986,Finance,Support,4,22,6,1,17.454545454545453
50,Finance,Support,4,22,12,1,17.454545454545453
290,HR,Support,4,22,4,1,17.454545454545453
2759,Finance,Payment,4,22,2,1,17.454545454545453
1845,Finance,Campaign,4,22,13,1,17.454545454545453
1110,Tech,Payment,4,22,8,1,17.454545454545453
261,Marketing,Payment,4,22,12,1,17.454545454545453
789,HR,Hiring,4,22,7,1,17.454545454545453
2376,HR,Campaign,4,23,4,1,17.434782608695652
2399,Tech,Hiring,4,23,16,1,17.434782608695652
2553,Marketing,Support,4,23,15,1,17.434782608695652
2796,HR,Development,4,23,8,1,17.434782608695652
1980,Finance,Development,4,23,16,1,17.434782608695652
596,HR,Hiring,4,23,17,1,17.434782608695652
2847,Finance,Support,4,24,16,1,17.416666666666664
2514,HR,Campaign,4,24,12,1,17.416666666666664
739,Marketing,Payment,4,24,10,1,17.416666666666664
2526,HR,Support,4,24,15,1,17.416666666666664
549,Finance,Development,4,24,7,1,17.416666666666664
2052,Tech,Payment,4,24,10,1,17.416666666666664
2733,HR,Development,4,24,16,1,17.416666666666664
105,Finance,Payment,4,24,12,1,17.416666666666664
1829,Finance,Campaign,4,24,14,1,17.416666666666664
1660,HR,Support,4,24,20,1,17.416666666666664
1619,Finance,Hiring,4,24,12,1,17.416666666666664
2262,HR,Hiring,4,24,7,1,17.416666666666664
727,Tech,Campaign,4,24,20,1,17.416666666666664
119,HR,Campaign,4,24,5,1,17.416666666666664
847,Finance,Support,4,24,9,1,17.416666666666664
2959,Tech,Payment,4,24,1,1,17.416666666666664
262,Finance,Hiring,4,25,14,1,17.4
1090,Finance,Campaign,4,25,19,1,17.4
248,Marketing,Hiring,4,25,16,1,17.4
397,HR,Development,4,25,10,1,17.4
1304,Finance,Development,4,25,10,1,17.4
467,HR,Development,4,25,9,1,17.4
556,HR,Support,4,25,9,1,17.4
1741,HR,Support,4,25,1,1,17.4
1120,Finance,Support,4,26,9,1,17.384615384615387
773,Marketing,Support,4,26,11,1,17.384615384615387
1855,HR,Development,4,26,10,1,17.384615384615387
1672,Marketing,Support,4,26,14,1,17.384615384615387
2158,Tech,Payment,4,26,18,1,17.384615384615387
270,Tech,Hiring,4,26,2,1,17.384615384615387
333,HR,Hiring,4,27,17,1,17.37037037037037
1350,Marketing,Development,4,27,15,1,17.37037037037037
351,HR,Campaign,4,27,15,1,17.37037037037037
2563,HR,Development,4,27,20,1,17.37037037037037
123,Finance,Support,4,27,10,1,17.37037037037037
287,Marketing,Support,4,27,11,1,17.37037037037037
2659,Tech,Campaign,4,27,1,1,17.37037037037037
2159,Finance,Support,4,27,3,1,17.37037037037037
587,Finance,Development,4,28,3,1,17.357142857142858
901,Marketing,Development,4,28,11,1,17.357142857142858
1877,Marketing,Development,4,28,13,1,17.357142857142858
1674,Marketing,Support,4,28,15,1,17.357142857142858
1505,Tech,Campaign,4,28,17,1,17.357142857142858
279,Marketing,Campaign,4,28,19,1,17.357142857142858
950,Marketing,Support,4,28,15,1,17.357142857142858
1783,HR,Campaign,4,28,5,1,17.357142857142858
1229,Finance,Development,4,28,8,1,17.357142857142858
2281,Finance,Payment,4,28,3,1,17.357142857142858
2022,Tech,Campaign,4,28,3,1,17.357142857142858
1485,Tech,Support,4,28,3,1,17.357142857142858
2997,Tech,Payment,4,28,4,1,17.357142857142858
464,Marketing,Hiring,4,29,1,1,17.344827586206897
956,Tech,Hiring,4,29,10,1,17.344827586206897
1781,Finance,Development,4,29,11,1,17.344827586206897
216,Marketing,Payment,4,29,15,1,17.344827586206897
2699,HR,Development,4,29,20,1,17.344827586206897
1688,Marketing,Support,4,29,17,1,17.344827586206897
149,Marketing,Hiring,4,29,2,1,17.344827586206897
401,HR,Hiring,4,29,3,1,17.344827586206897
1208,Finance,Hiring,4,29,14,1,17.344827586206897
2462,Finance,Payment,3,3,11,1,17.333333333333336
88,Marketing,Development,4,30,4,1,17.333333333333336
1303,Tech,Campaign,4,30,18,1,17.333333333333336
1881,Finance,Campaign,4,30,2,1,17.333333333333336
342,HR,Development,4,30,18,1,17.333333333333336
1710,Finance,Campaign,3,3,16,1,17.333333333333336
1621,Marketing,Support,4,30,10,1,17.333333333333336
197,Finance,Payment,4,30,5,1,17.333333333333336
877,Finance,Support,3,3,19,1,17.333333333333336
189,Tech,Hiring,3,3,12,1,17.333333333333336
190,Finance,Support,4,30,7,1,17.333333333333336
2373,HR,Development,4,30,4,1,17.333333333333336
353,Marketing,Campaign,4,30,19,1,17.333333333333336
1362,Finance,Development,3,3,1,1,17.333333333333336
2836,Tech,Payment,3,3,15,1,17.333333333333336
1921,Tech,Hiring,3,3,10,1,17.333333333333336
637,Marketing,Campaign,3,3,9,1,17.333333333333336
1433,Finance,Hiring,4,30,2,1,17.333333333333336
504,HR,Support,3,3,16,1,17.333333333333336
578,Finance,Development,3,3,1,1,17.333333333333336
583,HR,Support,3,3,18,1,17.333333333333336
1588,Marketing,Development,4,30,13,1,17.333333333333336
2802,Finance,Payment,3,3,18,1,17.333333333333336
1344,Marketing,Payment,3,3,17,1,17.333333333333336
2246,Finance,Campaign,3,3,12,1,17.333333333333336
1643,Marketing,Payment,4,2,19,0,17.0
2409,Tech,Campaign,4,2,2,0,17.0
823,Finance,Payment,5,5,9,0,17.0
930,Marketing,Payment,5,5,16,0,17.0
2287,Tech,Campaign,4,2,16,0,17.0
1231,Tech,Hiring,4,2,1,0,17.0
193,Marketing,Hiring,5,5,18,0,17.0
858,Tech,Campaign,4,2,11,0,17.0
299,Marketing,Payment,5,5,5,0,17.0
704,HR,Development,5,5,1,0,17.0
1255,Marketing,Development,4,2,13,0,17.0
264,Marketing,Hiring,5,5,11,0,17.0
1444,Tech,Development,5,5,2,0,17.0
1943,Finance,Support,4,2,16,0,17.0
1644,Finance,Payment,5,6,11,0,16.666666666666668
1746,Finance,Development,5,6,17,0,16.666666666666668
1718,Tech,Payment,5,6,4,0,16.666666666666668
527,Tech,Hiring,5,6,6,0,16.666666666666668
109,Finance,Campaign,5,6,19,0,16.666666666666668
633,Marketing,Payment,5,6,20,0,16.666666666666668
2903,Marketing,Development,3,4,18,1,16.5
798,Tech,Hiring,3,4,16,1,16.5
2174,Finance,Hiring,3,4,14,1,16.5
2619,Tech,Development,3,4,18,1,16.5
90,Finance,Payment,3,4,7,1,16.5
542,Finance,Support,3,4,16,1,16.5
729,Marketing,Campaign,3,4,4,1,16.5
2968,Marketing,Hiring,3,4,9,1,16.5
2898,Tech,Campaign,3,4,13,1,16.5
642,Finance,Payment,3,4,15,1,16.5
2931,Finance,Payment,5,7,10,0,16.428571428571427
1734,HR,Payment,5,7,6,0,16.428571428571427
2579,HR,Support,5,7,11,0,16.428571428571427
1568,HR,Development,5,7,11,0,16.428571428571427
2618,Tech,Campaign,5,7,4,0,16.428571428571427
126,HR,Hiring,5,7,8,0,16.428571428571427
2298,Tech,Hiring,5,7,10,0,16.428571428571427
427,Marketing,Payment,5,7,3,0,16.428571428571427
824,Tech,Campaign,5,7,16,0,16.428571428571427
2115,Marketing,Development,5,7,19,0,16.428571428571427
914,Finance,Campaign,5,8,2,0,16.25
2134,Marketing,Hiring,5,8,3,0,16.25
364,Finance,Support,5,8,18,0,16.25
2769,Marketing,Hiring,5,8,17,0,16.25
629,Tech,Support,5,8,19,0,16.25
2382,Marketing,Development,5,8,4,0,16.25
592,HR,Campaign,5,8,13,0,16.25
2941,Marketing,Development,5,8,13,0,16.25
1165,Marketing,Development,5,8,2,0,16.25
41,Tech,Support,5,8,1,0,16.25
1119,Marketing,Campaign,5,8,5,0,16.25
1112,Marketing,Development,5,8,12,0,16.25
293,Marketing,Support,5,8,19,0,16.25
2199,Finance,Development,5,9,19,0,16.11111111111111
873,Finance,Development,5,9,9,0,16.11111111111111
1546,HR,Campaign,5,9,17,0,16.11111111111111
1713,Marketing,Support,5,9,5,0,16.11111111111111
1994,Marketing,Development,5,9,5,0,16.11111111111111
1371,Tech,Payment,5,9,6,0,16.11111111111111
1408,Marketing,Development,5,9,12,0,16.11111111111111
1459,Finance,Campaign,2,1,5,0,16.0
1439,HR,Support,2,1,17,0,16.0
1806,Tech,Development,3,5,10,1,16.0
1391,Finance,Hiring,2,1,20,0,16.0
1423,Tech,Payment,3,5,6,1,16.0
393,HR,Support,3,5,16,1,16.0
602,HR,Hiring,5,10,7,0,16.0
1895,Marketing,Development,2,1,5,0,16.0
1932,HR,Development,2,1,5,0,16.0
962,Marketing,Development,2,1,13,0,16.0
2829,Tech,Campaign,2,1,8,0,16.0
1369,Marketing,Support,3,5,13,1,16.0
494,Finance,Campaign,5,10,10,0,16.0
2611,HR,Payment,3,5,17,1,16.0
894,Marketing,Support,2,2,15,1,16.0
521,HR,Hiring,2,2,16,1,16.0
1525,Marketing,Hiring,3,5,3,1,16.0
746,Finance,Payment,2,1,7,0,16.0
1521,Finance,Support,2,1,5,0,16.0
1524,Marketing,Development,5,10,6,0,16.0
870,Finance,Development,2,1,9,0,16.0
726,Marketing,Payment,2,1,1,0,16.0
2002,HR,Development,3,5,11,1,16.0
2805,Marketing,Hiring,5,10,18,0,16.0
1318,HR,Support,2,2,1,1,16.0
899,Tech,Campaign,2,1,14,0,16.0
1690,HR,Hiring,5,10,11,0,16.0
758,Tech,Support,5,10,19,0,16.0
69,HR,Payment,2,1,19,0,16.0
766,Tech,Campaign,5,10,9,0,16.0
1013,Finance,Campaign,5,10,12,0,16.0
2250,Marketing,Development,2,2,14,1,16.0
2259,HR,Support,2,1,6,0,16.0
2155,HR,Campaign,2,1,10,0,16.0
2644,Marketing,Hiring,2,1,7,0,16.0
1141,Finance,Campaign,2,2,6,1,16.0
1569,Tech,Support,5,10,17,0,16.0
1014,Tech,Campaign,2,2,5,1,16.0
2595,Marketing,Payment,3,5,7,1,16.0
2559,HR,Payment,2,2,11,1,16.0
205,HR,Payment,5,10,13,0,16.0
202,HR,Development,2,1,12,0,16.0
2279,Marketing,Payment,3,5,12,1,16.0
2348,Finance,Payment,2,1,9,0,16.0
1583,Marketing,Development,2,1,9,0,16.0
2945,HR,Support,2,2,1,1,16.0
1540,Marketing,Support,5,10,13,0,16.0
2569,HR,Support,2,1,10,0,16.0
1045,Finance,Support,5,11,2,0,15.909090909090908
731,Tech,Support,5,11,7,0,15.909090909090908
2402,HR,Campaign,5,11,20,0,15.909090909090908
2714,HR,Campaign,5,11,2,0,15.909090909090908
1763,Tech,Campaign,5,11,2,0,15.909090909090908
379,Finance,Hiring,5,11,14,0,15.909090909090908
2347,Tech,Hiring,5,11,12,0,15.909090909090908
1991,HR,Payment,5,11,1,0,15.909090909090908
2045,HR,Campaign,5,11,1,0,15.909090909090908
588,Tech,Hiring,5,12,7,0,15.833333333333334
1401,Tech,Support,5,12,12,0,15.833333333333334
104,HR,Development,5,12,4,0,15.833333333333334
1949,HR,Payment,5,12,13,0,15.833333333333334
1415,Finance,Hiring,5,12,16,0,15.833333333333334
2024,Marketing,Hiring,5,12,16,0,15.833333333333334
1262,Tech,Development,5,12,11,0,15.833333333333334
2218,Marketing,Development,5,12,3,0,15.833333333333334
1136,Tech,Support,5,12,4,0,15.833333333333334
2048,Tech,Hiring,5,13,18,0,15.76923076923077
1218,Finance,Payment,5,13,6,0,15.76923076923077
148,Tech,Support,5,13,13,0,15.76923076923077
2056,Tech,Development,5,13,18,0,15.76923076923077
499,Marketing,Payment,5,13,1,0,15.76923076923077
169,Tech,Campaign,5,13,20,0,15.76923076923077
2612,HR,Hiring,5,13,17,0,15.76923076923077
2566,HR,Support,5,13,18,0,15.76923076923077
2999,Finance,Payment,5,13,6,0,15.76923076923077
58,Marketing,Support,5,13,15,0,15.76923076923077
989,Finance,Hiring,5,13,12,0,15.76923076923077
2851,HR,Support,5,13,17,0,15.76923076923077
1537,Marketing,Support,5,14,20,0,15.714285714285714
2485,Tech,Hiring,5,14,12,0,15.714285714285714
1265,Finance,Development,5,14,6,0,15.714285714285714
1296,Finance,Payment,5,14,7,0,15.714285714285714
1793,Tech,Campaign,5,14,11,0,15.714285714285714
2394,Tech,Campaign,5,14,4,0,15.714285714285714
2481,Marketing,Payment,5,15,20,0,15.666666666666666
839,HR,Development,5,15,19,0,15.666666666666666
463,Finance,Payment,3,6,13,1,15.666666666666666
354,HR,Campaign,5,15,10,0,15.666666666666666
669,Marketing,Development,3,6,14,1,15.666666666666666
1747,HR,Support,3,6,7,1,15.666666666666666
1117,Tech,Payment,3,6,20,1,15.666666666666666
965,Tech,Support,5,15,11,0,15.666666666666666
1955,Tech,Campaign,5,15,16,0,15.666666666666666
266,Finance,Payment,5,16,7,0,15.625
818,Tech,Support,5,16,10,0,15.625
925,Marketing,Hiring,5,16,14,0,15.625
917,Finance,Support,5,16,7,0,15.625
2766,HR,Development,5,16,14,0,15.625
1254,Finance,Development,5,16,17,0,15.625
1241,Marketing,Development,5,16,8,0,15.625
1779,HR,Payment,5,16,16,0,15.625
1584,HR,Hiring,5,16,17,0,15.625
2496,HR,Payment,5,16,4,0,15.625
2545,Finance,Campaign,5,16,20,0,15.625
2428,Marketing,Development,5,16,1,0,15.625
1454,Tech,Payment,5,16,1,0,15.625
2703,HR,Development,5,16,3,0,15.625
591,Marketing,Hiring,5,17,18,0,15.588235294117647
1522,Marketing,Payment,5,17,10,0,15.588235294117647
754,Finance,Payment,5,17,20,0,15.588235294117647
2584,Finance,Hiring,5,17,7,0,15.588235294117647
1774,HR,Development,5,17,6,0,15.588235294117647
829,Tech,Campaign,5,17,3,0,15.588235294117647
2630,Tech,Hiring,5,17,4,0,15.588235294117647
1697,Marketing,Campaign,5,17,5,0,15.588235294117647
2383,Finance,Support,5,17,18,0,15.588235294117647
2050,Marketing,Campaign,5,17,5,0,15.588235294117647
517,HR,Development,5,17,9,0,15.588235294117647
2015,Finance,Hiring,5,17,12,0,15.588235294117647
2131,Marketing,Payment,5,17,13,0,15.588235294117647
480,HR,Campaign,5,17,10,0,15.588235294117647
2280,Tech,Development,5,17,11,0,15.588235294117647
2335,Marketing,Support,5,18,17,0,15.555555555555555
2859,Marketing,Development,5,18,4,0,15.555555555555555
2983,Marketing,Payment,5,18,13,0,15.555555555555555
2070,Tech,Payment,5,18,11,0,15.555555555555555
300,HR,Hiring,5,18,5,0,15.555555555555555
2561,Finance,Hiring,5,18,5,0,15.555555555555555
806,HR,Development,5,18,12,0,15.555555555555555
1927,Marketing,Campaign,5,18,17,0,15.555555555555555
2069,Finance,Development,5,18,1,0,15.555555555555555
1589,Tech,Development,5,18,5,0,15.555555555555555
1222,Finance,Hiring,5,19,4,0,15.526315789473685
369,Tech,Development,5,19,16,0,15.526315789473685
1174,Tech,Support,5,19,17,0,15.526315789473685
2666,Marketing,Payment,5,19,1,0,15.526315789473685
2589,Finance,Campaign,5,19,2,0,15.526315789473685
1162,Marketing,Payment,5,19,13,0,15.526315789473685
1049,Marketing,Support,5,20,4,0,15.5
15,HR,Support,5,20,3,0,15.5
1984,Tech,Development,5,20,5,0,15.5
1997,Finance,Campaign,5,21,13,0,15.476190476190476
1489,Marketing,Development,5,21,12,0,15.476190476190476
1380,Finance,Support,5,21,4,0,15.476190476190476
449,Tech,Support,5,21,9,0,15.476190476190476
2122,HR,Campaign,5,21,1,0,15.476190476190476
2306,Marketing,Support,5,21,4,0,15.476190476190476
1560,Tech,Support,5,21,11,0,15.476190476190476
1536,Finance,Campaign,5,21,10,0,15.476190476190476
278,Finance,Hiring,5,21,4,0,15.476190476190476
363,Marketing,Payment,5,21,5,0,15.476190476190476
2554,HR,Payment,5,22,19,0,15.454545454545455
2668,HR,Campaign,5,22,14,0,15.454545454545455
320,Finance,Payment,5,22,16,0,15.454545454545455
1767,Finance,Development,5,22,17,0,15.454545454545455
1840,Marketing,Campaign,5,22,20,0,15.454545454545455
1153,HR,Development,5,22,6,0,15.454545454545455
1118,Marketing,Development,5,22,14,0,15.454545454545455
361,HR,Payment,5,22,17,0,15.454545454545455
531,Marketing,Support,5,22,10,0,15.454545454545455
2180,HR,Support,5,22,7,0,15.454545454545455
2062,Finance,Hiring,5,22,12,0,15.454545454545455
2346,HR,Hiring,5,22,5,0,15.454545454545455
923,Marketing,Hiring,5,22,12,0,15.454545454545455
292,Tech,Hiring,5,22,4,0,15.454545454545455
740,HR,Development,5,22,6,0,15.454545454545455
1987,Finance,Support,5,22,15,0,15.454545454545455
417,Marketing,Payment,5,23,18,0,15.434782608695652
536,Finance,Campaign,5,23,17,0,15.434782608695652
1011,Marketing,Campaign,5,23,7,0,15.434782608695652
1365,HR,Campaign,5,23,17,0,15.434782608695652
2450,Marketing,Hiring,5,23,6,0,15.434782608695652
968,Finance,Hiring,5,23,17,0,15.434782608695652
438,HR,Payment,3,7,8,1,15.428571428571429
1756,HR,Support,3,7,11,1,15.428571428571429
30,HR,Development,3,7,19,1,15.428571428571429
2664,Tech,Hiring,3,7,17,1,15.428571428571429
757,Finance,Support,3,7,13,1,15.428571428571429
386,HR,Campaign,3,7,7,1,15.428571428571429
1814,Marketing,Campaign,5,24,14,0,15.416666666666666
2267,HR,Development,5,24,13,0,15.416666666666666
2242,Tech,Payment,5,24,11,0,15.416666666666666
2336,HR,Campaign,5,24,11,0,15.416666666666666
2197,Tech,Development,5,24,6,0,15.416666666666666
2328,Tech,Campaign,5,24,8,0,15.416666666666666
577,Marketing,Support,5,24,19,0,15.416666666666666
732,Marketing,Campaign,5,24,1,0,15.416666666666666
260,Tech,Support,5,24,11,0,15.416666666666666
1088,HR,Development,5,24,20,0,15.416666666666666
227,Marketing,Development,5,24,2,0,15.416666666666666
575,Tech,Support,5,25,14,0,15.4
2748,Marketing,Development,5,25,18,0,15.4
2740,Finance,Payment,5,25,20,0,15.4
321,HR,Hiring,5,25,19,0,15.4
1007,HR,Campaign,5,25,3,0,15.4
1691,Finance,Payment,5,25,16,0,15.4
1695,Marketing,Payment,5,25,18,0,15.4
2511,HR,Hiring,5,25,19,0,15.4
182,Tech,Support,5,25,10,0,15.4
1817,Finance,Campaign,5,25,7,0,15.4
1428,Tech,Campaign,5,25,16,0,15.4
2988,Tech,Payment,5,25,20,0,15.4
2760,Tech,Hiring,5,25,1,0,15.4
1981,Marketing,Development,5,25,14,0,15.4
2717,Finance,Development,5,26,15,0,15.384615384615385
741,Tech,Development,5,26,17,0,15.384615384615385
2300,HR,Development,5,26,13,0,15.384615384615385
2173,Marketing,Development,5,26,12,0,15.384615384615385
2295,HR,Hiring,5,26,12,0,15.384615384615385
765,Marketing,Development,5,27,8,0,15.37037037037037
1516,Finance,Payment,5,27,16,0,15.37037037037037
1113,HR,Support,5,27,7,0,15.37037037037037
1876,HR,Development,5,27,6,0,15.37037037037037
574,Finance,Support,5,27,17,0,15.37037037037037
990,HR,Campaign,5,27,3,0,15.37037037037037
1379,Finance,Payment,5,27,19,0,15.37037037037037
2724,Tech,Campaign,5,27,14,0,15.37037037037037
306,Marketing,Hiring,5,27,16,0,15.37037037037037
2963,HR,Support,5,28,6,0,15.357142857142858
1628,Marketing,Support,5,28,16,0,15.357142857142858
1503,Finance,Payment,5,28,16,0,15.357142857142858
896,HR,Campaign,5,28,1,0,15.357142857142858
2837,Finance,Payment,5,28,19,0,15.357142857142858
1220,Tech,Support,5,28,15,0,15.357142857142858
151,Tech,Development,5,28,14,0,15.357142857142858
1918,Finance,Campaign,5,28,17,0,15.357142857142858
1384,HR,Development,5,28,2,0,15.357142857142858
2321,Tech,Campaign,5,28,9,0,15.357142857142858
1953,Tech,Hiring,5,28,9,0,15.357142857142858
2407,Finance,Payment,5,28,1,0,15.357142857142858
1788,HR,Hiring,5,28,11,0,15.357142857142858
1764,Tech,Development,5,28,5,0,15.357142857142858
2171,Tech,Hiring,5,29,1,0,15.344827586206897
2033,Tech,Campaign,5,29,3,0,15.344827586206897
2761,Finance,Development,5,29,14,0,15.344827586206897
57,HR,Support,5,29,18,0,15.344827586206897
443,Marketing,Development,5,29,10,0,15.344827586206897
2282,Tech,Support,5,29,12,0,15.344827586206897
2422,Tech,Development,5,29,19,0,15.344827586206897
1491,Marketing,Campaign,5,29,8,0,15.344827586206897
2550,Tech,Development,5,29,2,0,15.344827586206897
2520,Marketing,Development,5,29,17,0,15.344827586206897
1570,Finance,Campaign,5,29,5,0,15.344827586206897
2610,HR,Hiring,5,29,6,0,15.344827586206897
2620,Tech,Payment,4,3,5,0,15.333333333333334
1145,HR,Support,4,3,10,0,15.333333333333334
1969,Marketing,Support,4,3,6,0,15.333333333333334
1942,HR,Hiring,5,30,5,0,15.333333333333334
2375,Finance,Hiring,4,3,14,0,15.333333333333334
1,Tech,Payment,5,30,3,0,15.333333333333334
1260,Tech,Payment,4,3,16,0,15.333333333333334
1701,Marketing,Development,4,3,5,0,15.333333333333334
263,Marketing,Support,5,30,8,0,15.333333333333334
1431,Marketing,Hiring,5,30,7,0,15.333333333333334
2893,Finance,Support,4,3,6,0,15.333333333333334
2109,Tech,Development,4,3,7,0,15.333333333333334
79,Tech,Hiring,4,3,17,0,15.333333333333334
106,Finance,Campaign,4,3,5,0,15.333333333333334
18,HR,Hiring,4,3,9,0,15.333333333333334
359,Marketing,Hiring,3,8,10,1,15.25
360,Tech,Campaign,3,8,6,1,15.25
2976,Tech,Development,3,8,17,1,15.25
2622,Tech,Development,3,8,14,1,15.25
927,Marketing,Support,3,8,2,1,15.25
2972,Finance,Campaign,3,8,5,1,15.25
1163,Finance,Development,3,8,2,1,15.25
164,HR,Hiring,3,8,10,1,15.25
2303,Tech,Support,3,8,12,1,15.25
2727,HR,Support,3,8,14,1,15.25
2449,HR,Support,3,9,9,1,15.11111111111111
1237,Marketing,Development,3,9,18,1,15.11111111111111
2185,Marketing,Hiring,3,9,10,1,15.11111111111111
53,Tech,Campaign,3,9,17,1,15.11111111111111
2716,Tech,Support,3,9,3,1,15.11111111111111
2546,Marketing,Campaign,3,9,13,1,15.11111111111111
2975,Marketing,Support,3,9,20,1,15.11111111111111
76,Finance,Campaign,3,9,9,1,15.11111111111111
2750,Finance,Hiring,3,9,2,1,15.11111111111111
2096,Tech,Campaign,3,9,18,1,15.11111111111111
1772,Tech,Campaign,3,10,18,1,15.0
779,HR,Hiring,3,10,4,1,15.0
869,Tech,Payment,3,10,15,1,15.0
2047,Finance,Support,3,10,18,1,15.0
603,HR,Hiring,3,10,13,1,15.0
1960,Tech,Campaign,3,10,7,1,15.0
4,Tech,Hiring,3,10,11,1,15.0
1823,HR,Development,3,11,12,1,14.909090909090908
2198,HR,Payment,3,11,13,1,14.909090909090908
1558,Tech,Hiring,3,11,10,1,14.909090909090908
1663,HR,Campaign,3,11,16,1,14.909090909090908
761,HR,Hiring,3,11,6,1,14.909090909090908
751,HR,Hiring,3,11,16,1,14.909090909090908
598,Tech,Payment,3,11,13,1,14.909090909090908
2087,Finance,Campaign,3,11,18,1,14.909090909090908
1080,Marketing,Hiring,3,11,5,1,14.909090909090908
118,Finance,Campaign,3,11,15,1,14.909090909090908
110,Tech,Campaign,3,11,3,1,14.909090909090908
2993,Finance,Hiring,3,11,13,1,14.909090909090908
2880,HR,Payment,3,11,19,1,14.909090909090908
2896,Tech,Campaign,3,12,7,1,14.833333333333334
1664,Tech,Development,3,12,18,1,14.833333333333334
329,HR,Development,3,12,14,1,14.833333333333334
1417,Marketing,Campaign,3,12,18,1,14.833333333333334
410,Finance,Campaign,3,12,7,1,14.833333333333334
1366,Finance,Payment,3,12,19,1,14.833333333333334
254,Marketing,Support,3,12,11,1,14.833333333333334
2571,Finance,Support,3,12,6,1,14.833333333333334
206,Marketing,Support,3,12,1,1,14.833333333333334
2960,Marketing,Hiring,3,12,13,1,14.833333333333334
446,Tech,Development,3,13,20,1,14.76923076923077
2239,HR,Payment,3,13,7,1,14.76923076923077
384,Marketing,Development,3,13,10,1,14.76923076923077
2221,HR,Campaign,3,13,3,1,14.76923076923077
569,Tech,Campaign,3,13,5,1,14.76923076923077
2932,Tech,Payment,3,13,12,1,14.76923076923077
2061,Marketing,Support,3,13,12,1,14.76923076923077
616,Tech,Campaign,3,13,10,1,14.76923076923077
2016,HR,Development,3,13,12,1,14.76923076923077
2574,Marketing,Hiring,3,13,7,1,14.76923076923077
68,Marketing,Campaign,3,13,1,1,14.76923076923077
139,Tech,Support,3,13,18,1,14.76923076923077
179,Marketing,Campaign,3,13,12,1,14.76923076923077
961,Marketing,Hiring,3,13,20,1,14.76923076923077
2003,Finance,Support,3,14,20,1,14.714285714285714
2176,Tech,Campaign,3,14,10,1,14.714285714285714
1775,Tech,Hiring,3,14,8,1,14.714285714285714
728,Tech,Payment,3,14,2,1,14.714285714285714
767,Marketing,Support,3,14,4,1,14.714285714285714
34,Finance,Hiring,3,14,11,1,14.714285714285714
1799,Tech,Hiring,3,14,11,1,14.714285714285714
2658,HR,Campaign,3,14,5,1,14.714285714285714
909,Tech,Support,3,14,5,1,14.714285714285714
203,Tech,Development,3,14,19,1,14.714285714285714
1458,HR,Support,3,14,13,1,14.714285714285714
951,Tech,Support,3,14,4,1,14.714285714285714
1675,Marketing,Support,3,14,15,1,14.714285714285714
688,Marketing,Payment,3,15,8,1,14.666666666666666
2135,Tech,Hiring,3,15,19,1,14.666666666666666
2939,Marketing,Development,3,15,10,1,14.666666666666666
1722,Tech,Campaign,3,15,10,1,14.666666666666666
1348,Tech,Support,3,15,5,1,14.666666666666666
1033,Marketing,Support,3,15,8,1,14.666666666666666
1291,Marketing,Hiring,3,15,13,1,14.666666666666666
913,Marketing,Development,3,15,17,1,14.666666666666666
875,Finance,Development,3,15,1,1,14.666666666666666
251,Finance,Payment,3,15,16,1,14.666666666666666
2474,HR,Support,3,15,6,1,14.666666666666666
2956,Marketing,Development,3,16,13,1,14.625
1102,Finance,Support,3,16,16,1,14.625
2947,Marketing,Development,3,16,10,1,14.625
1975,Finance,Development,3,16,11,1,14.625
1549,Marketing,Development,3,16,9,1,14.625
1115,Tech,Campaign,3,16,14,1,14.625
289,Marketing,Support,3,16,9,1,14.625
964,Tech,Support,3,16,11,1,14.625
132,Marketing,Campaign,3,16,9,1,14.625
2074,Finance,Development,3,16,16,1,14.625
2327,Finance,Support,3,16,11,1,14.625
378,Marketing,Hiring,3,16,5,1,14.625
1266,Tech,Campaign,3,16,11,1,14.625
204,Marketing,Support,3,17,12,1,14.588235294117647
199,Marketing,Campaign,3,17,3,1,14.588235294117647
543,Tech,Support,3,17,1,1,14.588235294117647
593,Marketing,Development,3,17,13,1,14.588235294117647
1497,HR,Payment,3,17,13,1,14.588235294117647
1077,Finance,Development,3,17,12,1,14.588235294117647
1172,Tech,Hiring,3,17,10,1,14.588235294117647
1532,Finance,Campaign,3,17,17,1,14.588235294117647
390,Marketing,Payment,3,17,17,1,14.588235294117647
1138,Finance,Development,3,17,16,1,14.588235294117647
84,HR,Support,3,17,14,1,14.588235294117647
16,Marketing,Development,3,18,7,1,14.555555555555555
1803,Tech,Support,3,18,12,1,14.555555555555555
686,Finance,Payment,3,18,8,1,14.555555555555555
2967,Marketing,Support,3,18,5,1,14.555555555555555
1777,Finance,Payment,3,18,15,1,14.555555555555555
2762,Marketing,Support,3,18,17,1,14.555555555555555
376,HR,Support,3,18,13,1,14.555555555555555
1158,Marketing,Payment,3,18,8,1,14.555555555555555
2604,Marketing,Hiring,3,18,14,1,14.555555555555555
310,Finance,Development,3,18,10,1,14.555555555555555
2627,Finance,Campaign,3,18,17,1,14.555555555555555
774,HR,Development,3,19,9,1,14.526315789473685
66,Finance,Hiring,3,19,15,1,14.526315789473685
2253,Tech,Hiring,3,19,17,1,14.526315789473685
1357,HR,Hiring,3,19,16,1,14.526315789473685
2360,Marketing,Payment,3,19,13,1,14.526315789473685
2647,Finance,Campaign,3,19,2,1,14.526315789473685
2781,Tech,Support,3,19,14,1,14.526315789473685
2987,Finance,Support,4,4,6,0,14.5
2314,Marketing,Campaign,3,20,19,1,14.5
911,Tech,Development,4,4,13,0,14.5
282,HR,Development,3,20,9,1,14.5
920,HR,Support,4,4,11,0,14.5
439,Tech,Support,4,4,12,0,14.5
997,Marketing,Hiring,3,20,5,1,14.5
2653,HR,Campaign,3,20,2,1,14.5
2933,Marketing,Support,4,4,11,0,14.5
2606,Tech,Campaign,4,4,3,0,14.5
112,Tech,Development,4,4,7,0,14.5
1263,Tech,Campaign,3,20,17,1,14.5
2141,HR,Payment,3,20,8,1,14.5
942,Marketing,Hiring,4,4,10,0,14.5
786,Marketing,Payment,3,20,6,1,14.5
49,Finance,Development,3,20,7,1,14.5
529,Finance,Hiring,3,21,14,1,14.476190476190476
1973,Tech,Payment,3,21,6,1,14.476190476190476
1970,Marketing,Development,3,21,5,1,14.476190476190476
2562,HR,Support,3,21,9,1,14.476190476190476
232,HR,Payment,3,21,15,1,14.476190476190476
2143,Finance,Hiring,3,21,5,1,14.476190476190476
912,Marketing,Hiring,3,21,9,1,14.476190476190476
594,HR,Hiring,3,21,19,1,14.476190476190476
2472,Finance,Campaign,3,21,8,1,14.476190476190476
712,Finance,Campaign,3,21,13,1,14.476190476190476
1050,Marketing,Campaign,3,21,3,1,14.476190476190476
831,Marketing,Payment,3,22,6,1,14.454545454545455
1512,Tech,Campaign,3,22,14,1,14.454545454545455
882,Finance,Support,3,22,15,1,14.454545454545455
2820,Finance,Support,3,22,18,1,14.454545454545455
2491,Tech,Development,3,22,16,1,14.454545454545455
303,Tech,Development,3,22,4,1,14.454545454545455
1018,Tech,Development,3,22,2,1,14.454545454545455
14,Tech,Payment,3,22,13,1,14.454545454545455
2564,Marketing,Hiring,3,22,19,1,14.454545454545455
284,Tech,Campaign,3,23,16,1,14.434782608695652
2311,Finance,Development,3,23,4,1,14.434782608695652
2067,HR,Campaign,3,23,15,1,14.434782608695652
8,Marketing,Hiring,3,23,16,1,14.434782608695652
893,Marketing,Support,3,23,19,1,14.434782608695652
21,Finance,Hiring,3,23,20,1,14.434782608695652
2817,HR,Payment,3,23,3,1,14.434782608695652
2580,Finance,Payment,3,23,10,1,14.434782608695652
884,HR,Campaign,3,23,1,1,14.434782608695652
2843,Marketing,Hiring,3,23,6,1,14.434782608695652
346,Tech,Hiring,3,23,1,1,14.434782608695652
1473,Marketing,Hiring,3,23,16,1,14.434782608695652
140,Marketing,Payment,3,23,20,1,14.434782608695652
1946,HR,Support,3,24,1,1,14.416666666666666
2996,Marketing,Hiring,3,24,3,1,14.416666666666666
1359,HR,Hiring,3,24,20,1,14.416666666666666
554,HR,Payment,3,24,11,1,14.416666666666666
886,Marketing,Campaign,3,24,3,1,14.416666666666666
7,Marketing,Support,3,24,5,1,14.416666666666666
23,Finance,Campaign,3,24,10,1,14.416666666666666
2309,Tech,Development,3,24,12,1,14.416666666666666
1945,Marketing,Hiring,3,24,19,1,14.416666666666666
481,HR,Hiring,3,25,20,1,14.4
2489,HR,Campaign,3,25,16,1,14.4
600,Finance,Payment,3,25,19,1,14.4
1923,HR,Hiring,3,25,1,1,14.4
1319,Finance,Campaign,3,25,9,1,14.4
86,Tech,Campaign,3,25,19,1,14.4
889,HR,Development,3,25,20,1,14.4
488,HR,Campaign,3,25,8,1,14.4
2464,Finance,Hiring,3,25,19,1,14.4
1696,HR,Development,3,25,8,1,14.4
1703,Tech,Support,3,25,4,1,14.4
2686,Marketing,Hiring,3,26,13,1,14.384615384615385
1069,Marketing,Development,3,26,1,1,14.384615384615385
1853,Finance,Campaign,3,26,16,1,14.384615384615385
312,Tech,Hiring,3,26,17,1,14.384615384615385
2465,Marketing,Development,3,26,6,1,14.384615384615385
1092,Tech,Payment,3,26,8,1,14.384615384615385
1277,Marketing,Hiring,3,27,8,1,14.37037037037037
210,Marketing,Support,3,27,4,1,14.37037037037037
1652,Finance,Campaign,3,27,3,1,14.37037037037037
1385,Marketing,Campaign,3,27,4,1,14.37037037037037
2425,Tech,Campaign,3,27,20,1,14.37037037037037
201,Tech,Campaign,3,27,8,1,14.37037037037037
2825,Finance,Payment,3,27,20,1,14.37037037037037
1768,Marketing,Support,3,28,16,1,14.357142857142858
874,Marketing,Development,3,28,15,1,14.357142857142858
667,Finance,Campaign,3,28,1,1,14.357142857142858
1787,HR,Hiring,3,28,14,1,14.357142857142858
552,HR,Hiring,3,28,14,1,14.357142857142858
1658,Tech,Hiring,3,28,8,1,14.357142857142858
759,Marketing,Payment,3,28,12,1,14.357142857142858
1121,Finance,Support,3,28,8,1,14.357142857142858
2085,Marketing,Development,3,28,11,1,14.357142857142858
634,Marketing,Campaign,3,29,8,1,14.344827586206897
1939,Finance,Payment,3,29,6,1,14.344827586206897
441,Marketing,Hiring,3,29,12,1,14.344827586206897
1360,Tech,Development,3,29,9,1,14.344827586206897
1971,Marketing,Development,3,29,17,1,14.344827586206897
2774,HR,Support,3,29,1,1,14.344827586206897
907,Finance,Campaign,3,29,15,1,14.344827586206897
714,HR,Support,3,29,5,1,14.344827586206897
931,Tech,Hiring,3,29,10,1,14.344827586206897
483,Marketing,Payment,3,29,4,1,14.344827586206897
834,HR,Campaign,3,29,12,1,14.344827586206897
1900,Finance,Development,2,3,14,1,14.333333333333334
671,Marketing,Hiring,2,3,16,1,14.333333333333334
921,Marketing,Payment,3,30,12,1,14.333333333333334
2204,Tech,Support,2,3,12,1,14.333333333333334
2891,Finance,Support,3,30,20,1,14.333333333333334
2263,Finance,Campaign,2,3,4,1,14.333333333333334
1196,Marketing,Hiring,3,30,13,1,14.333333333333334
1452,Marketing,Campaign,3,30,18,1,14.333333333333334
2509,HR,Payment,2,3,6,1,14.333333333333334
1370,Finance,Support,2,3,14,1,14.333333333333334
1288,Finance,Development,3,30,13,1,14.333333333333334
1140,Marketing,Development,2,3,7,1,14.333333333333334
815,HR,Hiring,3,30,11,1,14.333333333333334
724,Marketing,Payment,3,30,17,1,14.333333333333334
1167,Marketing,Hiring,2,3,18,1,14.333333333333334
1992,Tech,Hiring,3,30,6,1,14.333333333333334
2077,HR,Development,3,30,15,1,14.333333333333334
2081,Marketing,Development,3,30,16,1,14.333333333333334
2616,HR,Development,2,3,8,1,14.333333333333334
2585,Tech,Payment,3,30,9,1,14.333333333333334
1335,HR,Hiring,2,3,18,1,14.333333333333334
555,Marketing,Hiring,2,3,20,1,14.333333333333334
782,Tech,Hiring,3,30,12,1,14.333333333333334
1481,Tech,Support,2,3,18,1,14.333333333333334
2333,Finance,Hiring,3,2,8,0,14.0
2547,HR,Payment,3,2,20,0,14.0
1151,Marketing,Payment,3,2,19,0,14.0
1355,Finance,Campaign,4,5,6,0,14.0
2910,Tech,Campaign,4,5,2,0,14.0
532,HR,Support,4,5,18,0,14.0
694,HR,Payment,3,2,19,0,14.0
1101,Tech,Payment,3,2,20,0,14.0
879,Marketing,Development,4,5,8,0,14.0
1891,Finance,Development,4,5,11,0,14.0
5,Tech,Payment,3,2,18,0,14.0
668,HR,Development,3,2,14,0,14.0
1055,Marketing,Support,3,2,2,0,14.0
2164,HR,Payment,4,5,12,0,14.0
2700,Finance,Hiring,3,2,13,0,14.0
949,Finance,Hiring,3,2,10,0,14.0
711,Tech,Development,3,2,4,0,14.0
1907,Marketing,Payment,3,2,15,0,14.0
357,Finance,Payment,4,5,7,0,14.0
2288,Marketing,Campaign,4,5,11,0,14.0
2359,Finance,Support,3,2,20,0,14.0
744,Marketing,Development,4,6,18,0,13.666666666666666
1295,HR,Development,4,6,2,0,13.666666666666666
892,Tech,Campaign,4,6,8,0,13.666666666666666
1656,Tech,Payment,4,6,10,0,13.666666666666666
2093,Finance,Hiring,4,6,8,0,13.666666666666666
2838,Marketing,Support,4,6,15,0,13.666666666666666
280,Finance,Development,4,6,2,0,13.666666666666666
701,Finance,Payment,4,6,20,0,13.666666666666666
682,Marketing,Campaign,4,6,15,0,13.666666666666666
1530,HR,Hiring,4,6,2,0,13.666666666666666
2991,Finance,Hiring,4,6,6,0,13.666666666666666
673,Finance,Campaign,4,6,1,0,13.666666666666666
492,Marketing,Payment,4,6,13,0,13.666666666666666
1019,HR,Campaign,4,6,12,0,13.666666666666666
235,HR,Payment,2,4,10,1,13.5
1977,Tech,Support,2,4,8,1,13.5
1205,Marketing,Campaign,2,4,10,1,13.5
848,Finance,Campaign,2,4,5,1,13.5
916,Finance,Campaign,2,4,16,1,13.5
1679,Finance,Payment,2,4,19,1,13.5
2006,Tech,Support,2,4,2,1,13.5
526,Tech,Payment,2,4,15,1,13.5
2266,Marketing,Support,4,7,14,0,13.428571428571429
1347,Tech,Hiring,4,7,20,0,13.428571428571429
1551,Marketing,Development,4,7,18,0,13.428571428571429
817,Marketing,Development,4,7,7,0,13.428571428571429
2974,Tech,Payment,4,7,9,0,13.428571428571429
1709,HR,Payment,4,7,6,0,13.428571428571429
11,Tech,Support,4,7,9,0,13.428571428571429
1858,Marketing,Campaign,4,7,17,0,13.428571428571429
2938,Marketing,Development,4,7,20,0,13.428571428571429
687,Finance,Support,4,7,13,0,13.428571428571429
885,HR,Payment,4,7,11,0,13.428571428571429
1325,Marketing,Payment,4,8,13,0,13.25
553,Marketing,Support,4,8,16,0,13.25
1036,Finance,Hiring,4,8,14,0,13.25
1534,Marketing,Payment,4,8,12,0,13.25
2715,Finance,Campaign,4,8,7,0,13.25
2633,Marketing,Payment,4,8,4,0,13.25
1885,Marketing,Development,4,8,20,0,13.25
1029,Marketing,Support,4,8,8,0,13.25
2063,Tech,Campaign,4,8,1,0,13.25
1700,HR,Campaign,4,8,14,0,13.25
134,Marketing,Development,4,8,2,0,13.25
623,Tech,Support,4,9,5,0,13.11111111111111
1947,Marketing,Hiring,4,9,9,0,13.11111111111111
2434,Tech,Hiring,4,9,9,0,13.11111111111111
1212,HR,Development,4,9,1,0,13.11111111111111
352,Marketing,Campaign,4,9,11,0,13.11111111111111
1640,Finance,Campaign,4,9,13,0,13.11111111111111
1342,HR,Support,4,9,12,0,13.11111111111111
2672,HR,Campaign,4,9,8,0,13.11111111111111
385,Marketing,Development,4,10,20,0,13.0
681,HR,Campaign,4,10,9,0,13.0
703,Marketing,Payment,4,10,8,0,13.0
903,Finance,Hiring,2,5,19,1,13.0
447,Tech,Payment,2,5,5,1,13.0
1100,Tech,Development,1,2,20,1,13.0
305,Finance,Support,1,1,10,0,13.0
1116,Tech,Development,1,2,8,1,13.0
2168,Tech,Campaign,1,1,17,0,13.0
1126,HR,Support,4,10,16,0,13.0
1180,Tech,Campaign,2,5,14,1,13.0
2427,Tech,Support,1,1,12,0,13.0
2466,Tech,Hiring,2,5,2,1,13.0
2680,Tech,Development,4,10,19,0,13.0
2510,HR,Hiring,1,1,8,0,13.0
2682,Tech,Development,2,5,5,1,13.0
1345,Tech,Payment,4,10,8,0,13.0
808,Marketing,Support,4,10,15,0,13.0
2609,Finance,Development,1,1,15,0,13.0
1286,Finance,Development,1,1,14,0,13.0
1641,HR,Payment,2,5,4,1,13.0
764,Finance,Payment,4,10,16,0,13.0
570,Tech,Support,1,1,4,0,13.0
42,Tech,Payment,1,2,17,1,13.0
1478,HR,Development,1,2,6,1,13.0
2339,HR,Payment,1,2,7,1,13.0
2334,Marketing,Development,1,1,18,0,13.0
1293,HR,Hiring,4,10,1,0,13.0
2028,HR,Support,1,2,9,1,13.0
2257,Tech,Support,1,1,18,0,13.0
419,HR,Hiring,4,10,13,0,13.0
2291,Finance,Payment,2,5,3,1,13.0
347,Tech,Payment,4,10,8,0,13.0
173,Tech,Hiring,2,5,5,1,13.0
1752,HR,Support,2,5,11,1,13.0
2745,Marketing,Campaign,4,10,17,0,13.0
1027,Finance,Support,1,1,11,0,13.0
502,Marketing,Campaign,1,1,19,0,13.0
2530,Marketing,Development,2,5,4,1,13.0
490,Marketing,Development,1,1,18,0,13.0
934,Marketing,Support,4,10,3,0,13.0
940,Finance,Hiring,1,1,8,0,13.0
408,HR,Payment,4,11,20,0,12.909090909090908
176,Finance,Hiring,4,11,7,0,12.909090909090908
473,Tech,Hiring,4,11,18,0,12.909090909090908
1934,Tech,Payment,4,11,16,0,12.909090909090908
1836,Finance,Campaign,4,11,7,0,12.909090909090908
2922,HR,Payment,4,11,3,0,12.909090909090908
1635,Marketing,Payment,4,11,12,0,12.909090909090908
2603,Finance,Payment,4,11,15,0,12.909090909090908
1590,HR,Campaign,4,11,9,0,12.909090909090908
87,Finance,Payment,4,11,2,0,12.909090909090908
1429,Finance,Payment,4,11,16,0,12.909090909090908
2043,Marketing,Development,4,12,19,0,12.833333333333334
2853,Tech,Development,4,12,8,0,12.833333333333334
644,Marketing,Development,4,12,4,0,12.833333333333334
425,HR,Hiring,4,12,5,0,12.833333333333334
1684,Marketing,Development,4,12,3,0,12.833333333333334
2892,Tech,Campaign,4,12,17,0,12.833333333333334
1192,Tech,Campaign,4,12,8,0,12.833333333333334
1564,Finance,Campaign,4,12,4,0,12.833333333333334
1673,HR,Hiring,4,13,8,0,12.76923076923077
2544,HR,Support,4,13,12,0,12.76923076923077
1762,Tech,Hiring,4,13,16,0,12.76923076923077
2389,Tech,Hiring,4,13,10,0,12.76923076923077
2688,Finance,Support,4,13,2,0,12.76923076923077
1398,Tech,Support,4,13,16,0,12.76923076923077
2654,Marketing,Development,4,13,13,0,12.76923076923077
2803,HR,Development,4,13,20,0,12.76923076923077
2269,Marketing,Hiring,4,13,18,0,12.76923076923077
172,Marketing,Development,4,13,2,0,12.76923076923077
1329,Finance,Development,4,13,10,0,12.76923076923077
2598,Marketing,Campaign,4,13,19,0,12.76923076923077
1134,Tech,Support,4,14,20,0,12.714285714285714
2217,Finance,Development,4,14,15,0,12.714285714285714
507,HR,Payment,4,14,10,0,12.714285714285714
2675,Tech,Campaign,4,14,19,0,12.714285714285714
1727,HR,Support,4,14,14,0,12.714285714285714
2801,HR,Support,4,14,14,0,12.714285714285714
1067,Marketing,Payment,4,14,20,0,12.714285714285714
545,Marketing,Payment,4,14,15,0,12.714285714285714
25,HR,Development,4,14,19,0,12.714285714285714
231,Finance,Support,2,6,2,1,12.666666666666668
470,HR,Support,2,6,19,1,12.666666666666668
1698,Tech,Campaign,2,6,7,1,12.666666666666668
1043,Tech,Hiring,2,6,14,1,12.666666666666668
1135,Tech,Payment,2,6,15,1,12.666666666666668
1216,Marketing,Development,2,6,12,1,12.666666666666668
2406,Marketing,Payment,2,6,16,1,12.666666666666668
64,Marketing,Development,2,6,5,1,12.666666666666668
2905,HR,Campaign,2,6,10,1,12.666666666666668
2227,Tech,Campaign,2,6,14,1,12.666666666666668
2702,Tech,Campaign,2,6,2,1,12.666666666666668
2448,Tech,Campaign,2,6,1,1,12.666666666666668
1543,HR,Development,4,15,10,0,12.666666666666666
2596,HR,Campaign,4,15,7,0,12.666666666666666
2813,Marketing,Hiring,4,15,16,0,12.666666666666666
1501,Tech,Campaign,4,15,11,0,12.666666666666666
1399,HR,Campaign,4,15,17,0,12.666666666666666
769,HR,Hiring,4,15,7,0,12.666666666666666
2621,Tech,Support,4,15,16,0,12.666666666666666
2925,Finance,Payment,4,15,12,0,12.666666666666666
2852,Tech,Development,4,15,7,0,12.666666666666666
1760,Tech,Support,4,15,20,0,12.666666666666666
1132,Finance,Hiring,4,15,1,0,12.666666666666666
876,Tech,Payment,4,15,2,0,12.666666666666666
2284,HR,Support,4,15,6,0,12.666666666666666
1758,Marketing,Support,4,15,8,0,12.666666666666666
1559,Tech,Support,4,15,17,0,12.666666666666666
2792,Marketing,Support,4,16,20,0,12.625
2038,Tech,Payment,4,16,18,0,12.625
2846,HR,Support,4,16,19,0,12.625
1264,Tech,Development,4,16,14,0,12.625
969,Finance,Development,4,16,18,0,12.625
207,HR,Payment,4,16,19,0,12.625
2341,Finance,Development,4,16,8,0,12.625
1199,Tech,Development,4,16,18,0,12.625
1463,Marketing,Hiring,4,16,8,0,12.625
1800,Marketing,Support,4,16,8,0,12.625
1495,Finance,Support,4,17,17,0,12.588235294117647
2368,Marketing,Development,4,17,3,0,12.588235294117647
1440,Tech,Campaign,4,17,5,0,12.588235294117647
1586,Finance,Support,4,17,9,0,12.588235294117647
2114,Marketing,Support,4,17,4,0,12.588235294117647
217,HR,Payment,4,17,5,0,12.588235294117647
2778,Tech,Support,4,18,15,0,12.555555555555555
367,Finance,Development,4,18,8,0,12.555555555555555
1557,Finance,Support,4,18,3,0,12.555555555555555
2126,Finance,Development,4,18,6,0,12.555555555555555
221,Tech,Development,4,18,17,0,12.555555555555555
2097,Finance,Support,4,18,17,0,12.555555555555555
1591,HR,Campaign,4,18,13,0,12.555555555555555
2378,HR,Support,4,18,3,0,12.555555555555555
2930,HR,Development,4,18,12,0,12.555555555555555
1147,Tech,Campaign,4,18,11,0,12.555555555555555
493,Marketing,Development,4,18,7,0,12.555555555555555
1902,Marketing,Payment,4,19,2,0,12.526315789473685
365,Tech,Hiring,4,19,17,0,12.526315789473685
2469,Marketing,Support,4,19,1,0,12.526315789473685
825,HR,Hiring,4,19,9,0,12.526315789473685
476,HR,Development,4,19,12,0,12.526315789473685
2209,Finance,Development,4,19,17,0,12.526315789473685
2326,Marketing,Payment,4,19,11,0,12.526315789473685
469,Marketing,Development,4,19,16,0,12.526315789473685
813,Marketing,Support,4,19,9,0,12.526315789473685
183,Finance,Payment,4,19,14,0,12.526315789473685
2000,Marketing,Development,4,19,17,0,12.526315789473685
2013,Finance,Development,4,19,7,0,12.526315789473685
1411,HR,Support,4,20,4,0,12.5
1424,Tech,Hiring,4,20,14,0,12.5
2240,Marketing,Campaign,4,20,20,0,12.5
2285,Finance,Support,4,20,19,0,12.5
326,Finance,Hiring,4,20,4,0,12.5
1292,Marketing,Payment,4,20,20,0,12.5
2834,Marketing,Support,4,20,13,0,12.5
1387,Marketing,Campaign,4,20,7,0,12.5
2989,Tech,Development,4,20,14,0,12.5
872,HR,Development,4,21,20,0,12.476190476190476
368,Finance,Payment,4,21,13,0,12.476190476190476
1623,Finance,Campaign,4,21,1,0,12.476190476190476
988,HR,Hiring,4,21,20,0,12.476190476190476
1268,HR,Payment,4,21,13,0,12.476190476190476
1822,Tech,Campaign,4,22,13,0,12.454545454545455
561,HR,Campaign,4,22,19,0,12.454545454545455
37,HR,Hiring,4,22,3,0,12.454545454545455
1705,Tech,Development,4,22,16,0,12.454545454545455
26,Finance,Development,4,22,19,0,12.454545454545455
2888,Finance,Payment,4,22,16,0,12.454545454545455
805,Finance,Payment,4,22,10,0,12.454545454545455
2928,Finance,Payment,4,22,1,0,12.454545454545455
2102,Marketing,Payment,4,22,11,0,12.454545454545455
1577,Tech,Payment,4,22,8,0,12.454545454545455
1283,Marketing,Campaign,4,23,15,0,12.434782608695652
2183,Tech,Campaign,4,23,6,0,12.434782608695652
2254,Finance,Hiring,4,23,6,0,12.434782608695652
2271,Marketing,Development,4,23,5,0,12.434782608695652
2308,HR,Payment,4,23,3,0,12.434782608695652
141,HR,Support,4,23,18,0,12.434782608695652
2954,Finance,Payment,4,23,17,0,12.434782608695652
663,Marketing,Hiring,4,23,9,0,12.434782608695652
111,HR,Payment,4,23,11,0,12.434782608695652
938,Marketing,Campaign,2,7,20,1,12.428571428571429
2397,HR,Hiring,2,7,15,1,12.428571428571429
124,Tech,Payment,2,7,13,1,12.428571428571429
2484,HR,Support,2,7,16,1,12.428571428571429
115,Tech,Development,2,7,9,1,12.428571428571429
2058,Tech,Campaign,2,7,20,1,12.428571428571429
244,Marketing,Development,2,7,19,1,12.428571428571429
785,Finance,Support,2,7,5,1,12.428571428571429
1072,Finance,Payment,2,7,14,1,12.428571428571429
99,Finance,Hiring,4,24,11,0,12.416666666666666
2380,HR,Payment,4,24,10,0,12.416666666666666
2403,Tech,Development,4,24,19,0,12.416666666666666
2605,Tech,Campaign,4,24,7,0,12.416666666666666
275,Marketing,Payment,4,24,10,0,12.416666666666666
857,Tech,Development,4,24,13,0,12.416666666666666
3,Marketing,Hiring,4,25,15,0,12.4
1315,Finance,Hiring,4,25,15,0,12.4
2899,Finance,Payment,4,25,6,0,12.4
1894,Tech,Hiring,4,25,13,0,12.4
1759,Tech,Payment,4,25,13,0,12.4
2477,HR,Development,4,25,8,0,12.4
143,HR,Support,4,25,11,0,12.4
2049,Tech,Development,4,25,2,0,12.4
2113,Finance,Payment,4,25,18,0,12.4
1616,Tech,Development,4,25,3,0,12.4
2543,Marketing,Hiring,4,25,17,0,12.4
1462,Marketing,Hiring,4,25,10,0,12.4
2871,HR,Development,4,25,20,0,12.4
1882,Finance,Payment,4,25,17,0,12.4
1737,Marketing,Payment,4,26,12,0,12.384615384615385
1581,HR,Hiring,4,26,1,0,12.384615384615385
406,HR,Campaign,4,26,15,0,12.384615384615385
881,Marketing,Development,4,26,12,0,12.384615384615385
1723,Tech,Payment,4,26,4,0,12.384615384615385
1699,Marketing,Hiring,4,26,16,0,12.384615384615385
253,HR,Campaign,4,26,6,0,12.384615384615385
2020,HR,Hiring,4,26,20,0,12.384615384615385
1157,Finance,Support,4,26,13,0,12.384615384615385
699,Finance,Payment,4,26,16,0,12.384615384615385
1460,Tech,Hiring,4,26,19,0,12.384615384615385
121,HR,Support,4,26,8,0,12.384615384615385
2323,Finance,Payment,4,26,9,0,12.384615384615385
1702,Finance,Support,4,27,9,0,12.37037037037037
568,HR,Development,4,27,6,0,12.37037037037037
39,Marketing,Development,4,27,1,0,12.37037037037037
2568,Finance,Hiring,4,27,6,0,12.37037037037037
1958,Tech,Hiring,4,27,17,0,12.37037037037037
1805,Marketing,Support,4,27,17,0,12.37037037037037
127,Finance,Support,4,27,9,0,12.37037037037037
2444,HR,Hiring,4,27,13,0,12.37037037037037
613,HR,Payment,4,27,8,0,12.37037037037037
153,Marketing,Support,4,27,17,0,12.37037037037037
2178,HR,Payment,4,27,15,0,12.37037037037037
294,Finance,Support,4,27,2,0,12.37037037037037
1978,Tech,Payment,4,27,5,0,12.37037037037037
508,Tech,Support,4,27,18,0,12.37037037037037
605,Tech,Support,4,28,19,0,12.357142857142858
484,Finance,Campaign,4,28,5,0,12.357142857142858
1104,Marketing,Hiring,4,28,20,0,12.357142857142858
2265,Finance,Development,4,28,12,0,12.357142857142858
2637,Tech,Hiring,4,28,2,0,12.357142857142858
640,HR,Development,4,28,20,0,12.357142857142858
1866,Finance,Support,4,28,17,0,12.357142857142858
680,Finance,Payment,4,28,13,0,12.357142857142858
1905,Tech,Support,4,29,20,0,12.344827586206897
2443,HR,Hiring,4,29,8,0,12.344827586206897
322,Marketing,Hiring,4,29,20,0,12.344827586206897
1065,Finance,Campaign,4,29,7,0,12.344827586206897
1707,Tech,Campaign,4,29,15,0,12.344827586206897
1161,HR,Development,4,29,20,0,12.344827586206897
1323,Marketing,Payment,4,29,7,0,12.344827586206897
1954,HR,Payment,4,29,13,0,12.344827586206897
429,Marketing,Payment,4,29,18,0,12.344827586206897
1079,Finance,Development,4,29,16,0,12.344827586206897
626,Finance,Hiring,4,29,6,0,12.344827586206897
2207,Tech,Payment,4,29,18,0,12.344827586206897
1075,Marketing,Campaign,4,29,15,0,12.344827586206897
1951,HR,Campaign,4,30,3,0,12.333333333333334
1993,Tech,Payment,3,3,3,0,12.333333333333334
2129,Tech,Campaign,3,3,19,0,12.333333333333334
1106,HR,Hiring,3,3,18,0,12.333333333333334
1247,Finance,Hiring,4,30,8,0,12.333333333333334
2320,Tech,Support,3,3,9,0,12.333333333333334
1864,Finance,Campaign,4,30,12,0,12.333333333333334
323,HR,Hiring,3,3,3,0,12.333333333333334
1582,Finance,Development,4,30,9,0,12.333333333333334
2912,Marketing,Development,4,30,17,0,12.333333333333334
2832,Finance,Hiring,3,3,9,0,12.333333333333334
1285,Tech,Campaign,4,30,3,0,12.333333333333334
374,HR,Development,2,8,18,1,12.25
2044,Tech,Hiring,2,8,15,1,12.25
2602,Marketing,Campaign,2,8,14,1,12.25
1189,Tech,Hiring,2,8,14,1,12.25
455,Marketing,Support,2,8,10,1,12.25
1484,Marketing,Campaign,2,8,15,1,12.25
695,Finance,Campaign,2,8,6,1,12.25
2,HR,Support,2,8,16,1,12.25
1595,HR,Campaign,2,8,4,1,12.25
97,Finance,Payment,2,8,2,1,12.25
267,HR,Support,2,8,10,1,12.25
658,Tech,Campaign,2,9,4,1,12.11111111111111
1209,Marketing,Support,2,9,17,1,12.11111111111111
2337,Tech,Support,2,9,2,1,12.11111111111111
459,Tech,Support,2,9,10,1,12.11111111111111
1413,Marketing,Payment,2,9,8,1,12.11111111111111
1123,Tech,Payment,2,9,16,1,12.11111111111111
2059,Finance,Payment,2,9,8,1,12.11111111111111
1175,Marketing,Hiring,2,9,13,1,12.11111111111111
803,Marketing,Campaign,2,9,15,1,12.11111111111111
662,Tech,Payment,2,9,13,1,12.11111111111111
2586,Finance,Development,2,9,5,1,12.11111111111111
2517,Tech,Payment,2,9,18,1,12.11111111111111
2849,Marketing,Payment,2,9,10,1,12.11111111111111
788,HR,Development,2,9,8,1,12.11111111111111
2887,HR,Campaign,2,10,11,1,12.0
2363,Tech,Campaign,2,10,9,1,12.0
1024,Finance,Hiring,2,10,19,1,12.0
1899,HR,Support,2,10,16,1,12.0
63,Marketing,Payment,2,10,4,1,12.0
1601,HR,Support,2,10,16,1,12.0
2042,Tech,Support,2,10,8,1,12.0
2151,Marketing,Support,2,10,5,1,12.0
1490,Marketing,Hiring,2,10,19,1,12.0
82,HR,Development,2,10,13,1,12.0
1016,Finance,Hiring,2,10,4,1,12.0
1054,Tech,Development,2,10,19,1,12.0
705,Marketing,Hiring,2,11,7,1,11.90909090909091
1400,Marketing,Hiring,2,11,13,1,11.90909090909091
2943,Marketing,Development,2,11,2,1,11.90909090909091
2973,Tech,Hiring,2,11,5,1,11.90909090909091
748,Tech,Support,2,11,7,1,11.90909090909091
1181,Finance,Campaign,2,11,8,1,11.90909090909091
2642,HR,Support,2,11,10,1,11.90909090909091
2071,Marketing,Development,2,11,2,1,11.90909090909091
2565,Finance,Campaign,2,11,13,1,11.90909090909091
2316,Marketing,Support,2,12,1,1,11.833333333333332
1197,Finance,Development,2,12,12,1,11.833333333333332
160,HR,Payment,2,12,6,1,11.833333333333332
1278,Tech,Development,2,12,8,1,11.833333333333332
2842,Marketing,Payment,2,12,8,1,11.833333333333332
1168,Finance,Payment,2,12,5,1,11.833333333333332
2749,Finance,Campaign,2,12,20,1,11.833333333333332
2224,Marketing,Payment,2,12,13,1,11.833333333333332
2860,Tech,Hiring,2,12,9,1,11.833333333333332
609,HR,Hiring,2,12,9,1,11.833333333333332
1098,Finance,Support,2,13,17,1,11.76923076923077
1875,Finance,Campaign,2,13,6,1,11.76923076923077
2256,HR,Payment,2,13,13,1,11.76923076923077
1207,Marketing,Support,2,13,13,1,11.76923076923077
1105,Finance,Campaign,2,13,15,1,11.76923076923077
2119,Marketing,Payment,2,13,17,1,11.76923076923077
1235,Finance,Hiring,2,13,4,1,11.76923076923077
1508,Finance,Support,2,13,5,1,11.76923076923077
1765,Marketing,Support,2,13,18,1,11.76923076923077
1622,Finance,Campaign,2,13,9,1,11.76923076923077
735,Finance,Development,2,13,12,1,11.76923076923077
2035,Marketing,Payment,2,13,4,1,11.76923076923077
2330,Finance,Hiring,2,14,20,1,11.714285714285715
387,Tech,Hiring,2,14,16,1,11.714285714285715
1488,Marketing,Development,2,14,16,1,11.714285714285715
1469,HR,Campaign,2,14,3,1,11.714285714285715
22,Marketing,Support,2,14,3,1,11.714285714285715
2084,Finance,Hiring,2,14,9,1,11.714285714285715
1633,HR,Support,2,14,8,1,11.714285714285715
1972,Marketing,Payment,2,14,7,1,11.714285714285715
2661,Finance,Payment,2,14,13,1,11.714285714285715
576,Finance,Development,2,14,7,1,11.714285714285715
547,Marketing,Support,2,14,12,1,11.714285714285715
1150,Marketing,Hiring,2,14,1,1,11.714285714285715
2816,HR,Payment,2,14,9,1,11.714285714285715
2980,Marketing,Development,2,15,15,1,11.666666666666668
1097,Finance,Campaign,2,15,16,1,11.666666666666668
1042,Finance,Development,2,15,3,1,11.666666666666668
560,Finance,Campaign,2,15,6,1,11.666666666666668
1618,Marketing,Support,2,15,3,1,11.666666666666668
941,HR,Campaign,2,15,14,1,11.666666666666668
1195,Finance,Hiring,2,15,3,1,11.666666666666668
1852,Marketing,Campaign,2,15,4,1,11.666666666666668
2150,Tech,Support,2,15,3,1,11.666666666666668
1474,Finance,Payment,2,15,2,1,11.666666666666668
246,Finance,Campaign,2,16,6,1,11.625
2088,Marketing,Development,2,16,4,1,11.625
1999,Tech,Campaign,2,16,18,1,11.625
2594,HR,Hiring,2,16,20,1,11.625
174,HR,Support,2,16,20,1,11.625
2181,HR,Development,2,16,3,1,11.625
2441,Marketing,Development,2,16,14,1,11.625
1422,Marketing,Payment,2,16,18,1,11.625
1139,HR,Development,2,16,3,1,11.625
2768,Tech,Payment,2,16,7,1,11.625
51,Tech,Payment,2,16,20,1,11.625
375,Marketing,Hiring,2,16,5,1,11.625
632,HR,Payment,2,16,3,1,11.625
2479,Finance,Payment,2,16,16,1,11.625
581,Finance,Hiring,2,17,18,1,11.588235294117647
1901,HR,Development,2,17,6,1,11.588235294117647
1883,Marketing,Hiring,2,17,13,1,11.588235294117647
77,HR,Payment,2,17,9,1,11.588235294117647
1245,Tech,Development,2,17,18,1,11.588235294117647
2498,Finance,Hiring,2,17,15,1,11.588235294117647
1269,Marketing,Campaign,2,17,4,1,11.588235294117647
33,HR,Support,2,17,16,1,11.588235294117647
1354,Finance,Campaign,2,17,2,1,11.588235294117647
995,HR,Campaign,2,17,1,1,11.588235294117647
1256,Finance,Payment,2,17,19,1,11.588235294117647
973,Marketing,Development,2,17,7,1,11.588235294117647
265,Tech,Development,2,18,4,1,11.555555555555555
2966,Tech,Payment,2,18,12,1,11.555555555555555
1453,HR,Development,2,18,3,1,11.555555555555555
722,Tech,Hiring,2,18,20,1,11.555555555555555
2312,HR,Payment,2,18,6,1,11.555555555555555
1719,Finance,Support,2,18,14,1,11.555555555555555
1280,HR,Support,2,18,1,1,11.555555555555555
1677,Tech,Development,2,18,20,1,11.555555555555555
2248,Tech,Development,2,18,14,1,11.555555555555555
1528,Marketing,Campaign,2,18,5,1,11.555555555555555
2536,Tech,Hiring,2,18,15,1,11.555555555555555
1340,Finance,Payment,2,18,4,1,11.555555555555555
1392,Finance,Payment,2,18,19,1,11.555555555555555
1020,Marketing,Hiring,2,18,1,1,11.555555555555555
657,Tech,Support,2,18,3,1,11.555555555555555
649,HR,Campaign,2,18,16,1,11.555555555555555
1448,HR,Payment,2,19,1,1,11.526315789473685
491,HR,Payment,2,19,9,1,11.526315789473685
2343,Marketing,Payment,2,19,7,1,11.526315789473685
1041,Marketing,Campaign,2,19,15,1,11.526315789473685
2322,Finance,Payment,2,19,12,1,11.526315789473685
1076,Marketing,Support,2,19,7,1,11.526315789473685
2206,Marketing,Campaign,2,20,20,1,11.5
1242,HR,Hiring,2,20,12,1,11.5
158,Finance,Support,2,20,8,1,11.5
2426,Tech,Development,2,20,10,1,11.5
1487,Tech,Support,3,4,1,0,11.5
1330,Marketing,Support,2,20,11,1,11.5
2985,HR,Hiring,2,20,8,1,11.5
1828,HR,Campaign,3,4,19,0,11.5
1188,Marketing,Support,2,20,14,1,11.5
679,Finance,Support,2,20,19,1,11.5
959,Finance,Support,2,20,19,1,11.5
2830,Marketing,Support,3,4,2,0,11.5
377,HR,Campaign,2,20,10,1,11.5
2419,Marketing,Development,3,4,16,0,11.5
2125,Finance,Hiring,2,20,5,1,11.5
200,Tech,Campaign,2,20,1,1,11.5
1919,Tech,Campaign,2,20,1,1,11.5
2411,Tech,Development,2,20,7,1,11.5
2412,Tech,Support,2,20,1,1,11.5
1542,Tech,Support,2,20,11,1,11.5
2809,Marketing,Campaign,3,4,16,0,11.5
1500,Tech,Payment,2,20,13,1,11.5
1128,Finance,Campaign,3,4,14,0,11.5
516,Tech,Development,2,21,8,1,11.476190476190476
1046,Tech,Payment,2,21,19,1,11.476190476190476
2721,Finance,Support,2,21,16,1,11.476190476190476
2140,Finance,Hiring,2,21,13,1,11.476190476190476
544,Finance,Payment,2,21,16,1,11.476190476190476
1629,Tech,Support,2,21,6,1,11.476190476190476
796,Tech,Payment,2,21,12,1,11.476190476190476
2541,Marketing,Support,2,22,13,1,11.454545454545453
2064,HR,Hiring,2,22,4,1,11.454545454545453
2986,Finance,Hiring,2,22,5,1,11.454545454545453
756,Finance,Support,2,22,5,1,11.454545454545453
2779,Tech,Development,2,22,13,1,11.454545454545453
1334,HR,Hiring,2,22,12,1,11.454545454545453
636,Finance,Support,2,22,16,1,11.454545454545453
826,HR,Development,2,22,4,1,11.454545454545453
2431,HR,Development,2,22,19,1,11.454545454545453
196,Finance,Hiring,2,22,1,1,11.454545454545453
2019,Marketing,Campaign,2,23,2,1,11.434782608695652
1320,Tech,Campaign,2,23,12,1,11.434782608695652
2948,Finance,Payment,2,23,2,1,11.434782608695652
1711,Marketing,Payment,2,23,4,1,11.434782608695652
2100,Tech,Hiring,2,23,14,1,11.434782608695652
2112,Marketing,Support,2,23,15,1,11.434782608695652
1062,Marketing,Campaign,2,23,4,1,11.434782608695652
2683,HR,Payment,2,23,20,1,11.434782608695652
2533,HR,Development,2,23,1,1,11.434782608695652
1127,HR,Hiring,2,23,7,1,11.434782608695652
1539,Finance,Hiring,2,23,4,1,11.434782608695652
1499,Tech,Hiring,2,23,6,1,11.434782608695652
660,Finance,Payment,2,24,15,1,11.416666666666668
1798,Finance,Hiring,2,24,16,1,11.416666666666668
1654,Tech,Development,2,24,16,1,11.416666666666668
693,Marketing,Payment,2,24,16,1,11.416666666666668
2111,HR,Payment,2,24,5,1,11.416666666666668
1246,HR,Support,2,24,2,1,11.416666666666668
1721,Finance,Payment,2,24,12,1,11.416666666666668
1307,HR,Payment,2,24,11,1,11.416666666666668
541,Tech,Payment,2,24,13,1,11.416666666666668
2735,HR,Campaign,2,24,7,1,11.416666666666668
2581,Finance,Payment,2,24,11,1,11.416666666666668
2924,Marketing,Campaign,2,24,13,1,11.416666666666668
1308,HR,Campaign,2,25,17,1,11.4
866,Marketing,Development,2,25,10,1,11.4
852,Finance,Development,2,25,19,1,11.4
2290,Marketing,Payment,2,25,9,1,11.4
595,HR,Development,2,25,12,1,11.4
2011,Tech,Payment,2,25,12,1,11.4
83,Marketing,Support,2,25,12,1,11.4
1052,Marketing,Payment,2,25,3,1,11.4
1794,Tech,Support,2,26,4,1,11.384615384615385
1645,Marketing,Support,2,26,12,1,11.384615384615385
659,HR,Hiring,2,26,20,1,11.384615384615385
1594,HR,Campaign,2,26,4,1,11.384615384615385
515,Finance,Development,2,26,7,1,11.384615384615385
2172,Finance,Campaign,2,26,8,1,11.384615384615385
2010,Marketing,Campaign,2,26,13,1,11.384615384615385
2379,Marketing,Hiring,2,26,7,1,11.384615384615385
2392,Finance,Campaign,2,26,12,1,11.384615384615385
572,Tech,Campaign,2,26,6,1,11.384615384615385
2463,Tech,Support,2,26,18,1,11.384615384615385
236,HR,Campaign,2,26,17,1,11.384615384615385
1963,Finance,Payment,2,27,8,1,11.37037037037037
2001,Tech,Support,2,27,17,1,11.37037037037037
856,Marketing,Hiring,2,27,13,1,11.37037037037037
2874,HR,Support,2,27,18,1,11.37037037037037
1750,Tech,Development,2,27,5,1,11.37037037037037
1809,HR,Hiring,2,27,6,1,11.37037037037037
1825,Marketing,Payment,2,27,15,1,11.37037037037037
1967,Marketing,Development,2,27,5,1,11.37037037037037
1668,Marketing,Support,2,27,14,1,11.37037037037037
2388,HR,Payment,2,27,8,1,11.37037037037037
340,HR,Support,2,27,1,1,11.37037037037037
1511,Tech,Development,2,27,10,1,11.37037037037037
2452,HR,Development,2,27,7,1,11.37037037037037
1267,Tech,Development,2,27,12,1,11.37037037037037
2492,Marketing,Campaign,2,27,13,1,11.37037037037037
2631,Tech,Campaign,2,28,16,1,11.357142857142858
2812,Marketing,Campaign,2,28,16,1,11.357142857142858
2773,HR,Campaign,2,28,2,1,11.357142857142858
799,Marketing,Development,2,28,15,1,11.357142857142858
2369,Marketing,Payment,2,28,4,1,11.357142857142858
2828,Marketing,Support,2,28,2,1,11.357142857142858
451,Finance,Payment,2,28,20,1,11.357142857142858
2366,Tech,Payment,2,29,1,1,11.344827586206897
1648,HR,Hiring,2,29,12,1,11.344827586206897
1470,Marketing,Support,2,29,7,1,11.344827586206897
2827,Finance,Campaign,2,29,1,1,11.344827586206897
551,Marketing,Development,2,29,12,1,11.344827586206897
1550,HR,Support,2,29,6,1,11.344827586206897
828,Finance,Payment,2,29,14,1,11.344827586206897
2822,Tech,Campaign,2,29,19,1,11.344827586206897
2476,Tech,Development,2,29,16,1,11.344827586206897
2958,Tech,Hiring,2,29,16,1,11.344827586206897
2575,Marketing,Hiring,2,29,2,1,11.344827586206897
2624,HR,Hiring,2,29,14,1,11.344827586206897
2788,Marketing,Support,2,29,9,1,11.344827586206897
1240,Tech,Payment,2,29,14,1,11.344827586206897
2862,HR,Payment,1,3,18,1,11.333333333333334
2998,Marketing,Payment,1,3,17,1,11.333333333333334
335,Finance,Hiring,1,3,17,1,11.333333333333334
2623,HR,Campaign,1,3,19,1,11.333333333333334
1129,Finance,Campaign,1,3,14,1,11.333333333333334
1610,Tech,Payment,1,3,16,1,11.333333333333334
9,Tech,Payment,1,3,16,1,11.333333333333334
2162,Marketing,Hiring,1,3,10,1,11.333333333333334
2918,Tech,Hiring,1,3,20,1,11.333333333333334
1692,Finance,Support,1,3,5,1,11.333333333333334
2935,Marketing,Campaign,2,30,19,1,11.333333333333332
1826,Marketing,Development,2,30,12,1,11.333333333333332
2578,Marketing,Payment,2,30,18,1,11.333333333333332
2786,HR,Support,2,30,9,1,11.333333333333332
994,HR,Support,2,30,6,1,11.333333333333332
1526,Tech,Payment,2,30,8,1,11.333333333333332
2313,Tech,Campaign,2,30,12,1,11.333333333333332
1159,HR,Development,2,30,17,1,11.333333333333332
485,Marketing,Support,2,30,5,1,11.333333333333332
1797,Tech,Payment,2,2,19,0,11.0
2687,Tech,Campaign,2,2,16,0,11.0
1310,HR,Campaign,2,2,16,0,11.0
2944,Tech,Development,3,5,18,0,11.0
2527,Marketing,Development,2,2,1,0,11.0
475,Tech,Campaign,2,2,11,0,11.0
1364,Finance,Campaign,3,5,14,0,11.0
1000,Tech,Development,2,2,11,0,11.0
2799,Marketing,Campaign,3,5,13,0,11.0
1615,Finance,Hiring,2,2,18,0,11.0
432,Finance,Campaign,2,2,1,0,11.0
1854,Marketing,Payment,3,5,19,0,11.0
2884,Tech,Hiring,2,2,20,0,11.0
458,HR,Campaign,2,2,16,0,11.0
147,Tech,Development,2,2,20,0,11.0
790,Tech,Campaign,2,2,4,0,11.0
2293,Tech,Hiring,2,2,6,0,11.0
992,HR,Development,3,5,9,0,11.0
2744,Marketing,Campaign,2,2,17,0,11.0
2739,HR,Hiring,2,2,14,0,11.0
2657,Tech,Support,3,5,11,0,11.0
928,HR,Development,3,6,4,0,10.666666666666666
1078,Marketing,Support,3,6,6,0,10.666666666666666
372,HR,Support,3,6,3,0,10.666666666666666
1841,Finance,Campaign,3,6,7,0,10.666666666666666
2233,Finance,Hiring,3,6,19,0,10.666666666666666
2839,Marketing,Campaign,3,6,18,0,10.666666666666666
2754,Finance,Support,3,6,15,0,10.666666666666666
350,Tech,Hiring,3,6,11,0,10.666666666666666
2169,Finance,Campaign,1,4,7,1,10.5
2669,Marketing,Support,1,4,8,1,10.5
2012,Marketing,Hiring,1,4,15,1,10.5
1004,Marketing,Payment,1,4,12,1,10.5
142,Marketing,Hiring,1,4,10,1,10.5
477,Marketing,Development,1,4,10,1,10.5
345,Tech,Support,1,4,6,1,10.5
2663,Finance,Support,1,4,6,1,10.5
1802,Marketing,Development,1,4,9,1,10.5
2144,Marketing,Support,1,4,2,1,10.5
356,Tech,Campaign,1,4,1,1,10.5
2106,HR,Hiring,1,4,4,1,10.5
718,HR,Hiring,1,4,9,1,10.5
2228,Marketing,Payment,3,7,3,0,10.428571428571429
2885,HR,Support,3,7,9,0,10.428571428571429
867,Marketing,Support,3,7,8,0,10.428571428571429
421,Finance,Support,3,7,5,0,10.428571428571429
700,Tech,Campaign,3,7,12,0,10.428571428571429
650,Marketing,Development,3,7,1,0,10.428571428571429
1592,Tech,Support,3,7,1,0,10.428571428571429
2626,Finance,Campaign,3,7,6,0,10.428571428571429
1219,Marketing,Development,3,7,12,0,10.428571428571429
474,HR,Hiring,3,7,19,0,10.428571428571429
2534,Finance,Development,3,7,7,0,10.428571428571429
1724,Finance,Payment,3,7,18,0,10.428571428571429
129,HR,Campaign,3,7,11,0,10.428571428571429
1575,HR,Payment,3,8,19,0,10.25
2567,HR,Development,3,8,17,0,10.25
2404,Marketing,Hiring,3,8,18,0,10.25
1396,Finance,Campaign,3,8,13,0,10.25
2461,HR,Development,3,8,8,0,10.25
304,Finance,Development,3,8,9,0,10.25
2711,Finance,Campaign,3,8,19,0,10.25
1084,HR,Payment,3,8,14,0,10.25
1314,Marketing,Campaign,3,8,4,0,10.25
487,Tech,Development,3,9,3,0,10.11111111111111
1607,Finance,Development,3,9,7,0,10.11111111111111
409,HR,Development,3,9,15,0,10.11111111111111
2319,Tech,Campaign,3,9,9,0,10.11111111111111
1651,Tech,Payment,3,9,3,0,10.11111111111111
1450,HR,Hiring,3,9,6,0,10.11111111111111
2034,Finance,Hiring,3,9,19,0,10.11111111111111
162,Marketing,Hiring,3,9,12,0,10.11111111111111
2738,Finance,Hiring,3,9,9,0,10.11111111111111
1009,HR,Development,3,9,19,0,10.11111111111111
2516,HR,Support,3,9,15,0,10.11111111111111
285,Finance,Support,3,9,16,0,10.11111111111111
1382,HR,Payment,3,9,19,0,10.11111111111111
2937,HR,Support,3,9,9,0,10.11111111111111
2957,Marketing,Support,3,10,7,0,10.0
1974,HR,Campaign,3,10,2,0,10.0
1732,Tech,Campaign,1,5,5,1,10.0
2499,Tech,Payment,1,5,14,1,10.0
933,Marketing,Hiring,3,10,2,0,10.0
617,Marketing,Support,1,5,13,1,10.0
929,Finance,Development,3,10,20,0,10.0
2593,Tech,Payment,3,10,4,0,10.0
334,Tech,Support,3,10,9,0,10.0
1409,Tech,Payment,3,10,9,0,10.0
2656,Marketing,Hiring,1,5,19,1,10.0
2797,Tech,Payment,3,10,5,0,10.0
871,Marketing,Campaign,3,10,10,0,10.0
2189,Finance,Campaign,1,5,17,1,10.0
62,Tech,Hiring,1,5,14,1,10.0
1131,Finance,Development,3,10,1,0,10.0
2232,Marketing,Hiring,1,5,4,1,10.0
2241,Marketing,Development,3,10,20,0,10.0
2243,Marketing,Campaign,3,10,14,0,10.0
2732,Finance,Development,1,5,17,1,10.0
399,HR,Payment,3,10,7,0,10.0
2423,Marketing,Hiring,3,11,15,0,9.909090909090908
1416,HR,Development,3,11,11,0,9.909090909090908
348,HR,Hiring,3,11,1,0,9.909090909090908
181,Marketing,Hiring,3,11,19,0,9.909090909090908
1257,Finance,Support,3,11,12,0,9.909090909090908
676,Marketing,Campaign,3,11,7,0,9.909090909090908
1510,HR,Hiring,3,11,20,0,9.909090909090908
496,Tech,Hiring,3,11,15,0,9.909090909090908
2881,Finance,Hiring,3,11,10,0,9.909090909090908
2964,Finance,Support,3,12,20,0,9.833333333333334
2447,Marketing,Development,3,12,5,0,9.833333333333334
2515,Marketing,Payment,3,12,17,0,9.833333333333334
2506,Tech,Support,3,12,20,0,9.833333333333334
362,Marketing,Payment,3,12,18,0,9.833333333333334
1523,Marketing,Support,3,12,18,0,9.833333333333334
1179,Tech,Support,3,12,14,0,9.833333333333334
2132,Marketing,Campaign,3,12,5,0,9.833333333333334
2099,Finance,Campaign,3,12,13,0,9.833333333333334
2147,Marketing,Support,3,12,11,0,9.833333333333334
719,HR,Support,3,12,14,0,9.833333333333334
383,HR,Hiring,3,12,7,0,9.833333333333334
2401,Marketing,Payment,3,12,19,0,9.833333333333334
1032,HR,Hiring,3,13,20,0,9.76923076923077
2783,Tech,Payment,3,13,9,0,9.76923076923077
1395,Marketing,Payment,3,13,10,0,9.76923076923077
2524,HR,Campaign,3,13,16,0,9.76923076923077
2537,Tech,Payment,3,13,13,0,9.76923076923077
1287,Finance,Development,3,13,8,0,9.76923076923077
1573,Finance,Payment,3,13,5,0,9.76923076923077
678,HR,Hiring,3,13,17,0,9.76923076923077
853,Marketing,Support,3,13,3,0,9.76923076923077
2804,HR,Development,3,13,4,0,9.76923076923077
1842,Finance,Campaign,3,13,8,0,9.76923076923077
566,Finance,Support,3,14,20,0,9.714285714285714
208,HR,Development,3,14,6,0,9.714285714285714
585,Finance,Payment,3,14,10,0,9.714285714285714
2531,Finance,Hiring,3,14,12,0,9.714285714285714
2601,Finance,Support,3,14,15,0,9.714285714285714
2819,Tech,Support,3,14,7,0,9.714285714285714
641,Finance,Support,3,14,14,0,9.714285714285714
2361,HR,Support,3,14,2,0,9.714285714285714
2728,Marketing,Campaign,3,14,17,0,9.714285714285714
1173,Tech,Payment,3,14,5,0,9.714285714285714
1336,Finance,Development,1,6,17,1,9.666666666666668
1726,Finance,Support,1,6,13,1,9.666666666666668
188,Tech,Payment,1,6,10,1,9.666666666666668
2292,HR,Hiring,1,6,8,1,9.666666666666668
2371,HR,Campaign,1,6,14,1,9.666666666666668
902,HR,Support,1,6,3,1,9.666666666666668
677,HR,Payment,3,15,15,0,9.666666666666666
72,Finance,Payment,3,15,15,0,9.666666666666666
1796,Finance,Campaign,3,15,16,0,9.666666666666666
371,HR,Campaign,3,15,6,0,9.666666666666666
1811,Finance,Payment,3,15,18,0,9.666666666666666
1884,Marketing,Support,3,16,16,0,9.625
1832,Marketing,Campaign,3,16,4,0,9.625
2236,HR,Campaign,3,16,8,0,9.625
2080,HR,Payment,3,16,3,0,9.625
1860,Marketing,Support,3,16,17,0,9.625
2650,Finance,Development,3,16,13,0,9.625
584,Finance,Hiring,3,16,2,0,9.625
1198,Tech,Development,3,16,15,0,9.625
1941,Tech,Campaign,3,16,16,0,9.625
1950,Tech,Campaign,3,17,15,0,9.588235294117647
2455,Marketing,Payment,3,17,14,0,9.588235294117647
2552,Marketing,Payment,3,17,2,0,9.588235294117647
2214,Tech,Campaign,3,17,3,0,9.588235294117647
2098,Finance,Support,3,17,6,0,9.588235294117647
85,Tech,Payment,3,17,10,0,9.588235294117647
2866,Tech,Development,3,17,18,0,9.588235294117647
898,HR,Support,3,17,13,0,9.588235294117647
344,Finance,Hiring,3,17,19,0,9.588235294117647
400,Marketing,Hiring,3,17,13,0,9.588235294117647
358,HR,Support,3,17,17,0,9.588235294117647
328,Tech,Campaign,3,17,11,0,9.588235294117647
332,Marketing,Development,3,17,2,0,9.588235294117647
448,Finance,Campaign,3,17,16,0,9.588235294117647
1920,Marketing,Support,3,18,18,0,9.555555555555555
936,Marketing,Development,3,18,6,0,9.555555555555555
1924,Tech,Development,3,18,4,0,9.555555555555555
150,HR,Payment,3,18,2,0,9.555555555555555
2737,Tech,Hiring,3,18,12,0,9.555555555555555
1343,Tech,Support,3,18,13,0,9.555555555555555
2429,Marketing,Development,3,19,17,0,9.526315789473685
1074,Tech,Campaign,3,19,17,0,9.526315789473685
2798,HR,Payment,3,19,12,0,9.526315789473685
710,HR,Development,3,19,15,0,9.526315789473685
630,Tech,Development,3,19,12,0,9.526315789473685
1650,Finance,Hiring,3,19,10,0,9.526315789473685
2057,Finance,Campaign,3,19,15,0,9.526315789473685
2458,Tech,Campaign,3,19,7,0,9.526315789473685
1060,HR,Payment,3,19,10,0,9.526315789473685
580,Finance,Payment,3,19,15,0,9.526315789473685
2089,HR,Development,3,19,8,0,9.526315789473685
1614,Marketing,Payment,3,20,14,0,9.5
1259,HR,Support,3,20,5,0,9.5
945,Marketing,Development,3,20,15,0,9.5
1368,Finance,Support,3,20,1,0,9.5
1182,HR,Hiring,3,20,5,0,9.5
113,HR,Hiring,3,20,17,0,9.5
696,HR,Payment,3,20,1,0,9.5
70,Finance,Campaign,3,20,13,0,9.5
550,Tech,Campaign,3,20,2,0,9.5
1625,Finance,Hiring,3,20,3,0,9.5
1833,HR,Campaign,3,21,17,0,9.476190476190476
171,HR,Support,3,21,14,0,9.476190476190476
1034,Finance,Hiring,3,21,9,0,9.476190476190476
918,HR,Development,3,21,1,0,9.476190476190476
1201,Marketing,Payment,3,21,7,0,9.476190476190476
392,Tech,Development,3,21,20,0,9.476190476190476
2823,Marketing,Payment,3,21,16,0,9.476190476190476
2191,Finance,Payment,3,21,10,0,9.476190476190476
1613,HR,Payment,3,21,17,0,9.476190476190476
1600,Marketing,Hiring,3,22,20,0,9.454545454545455
1306,Tech,Payment,3,22,9,0,9.454545454545455
1996,Marketing,Payment,3,22,11,0,9.454545454545455
2018,Finance,Payment,3,22,5,0,9.454545454545455
307,HR,Hiring,3,22,10,0,9.454545454545455
1089,HR,Development,3,22,13,0,9.454545454545455
2911,HR,Hiring,3,22,9,0,9.454545454545455
1630,Finance,Campaign,3,22,3,0,9.454545454545455
2391,Finance,Support,3,22,7,0,9.454545454545455
314,Tech,Payment,3,22,6,0,9.454545454545455
1843,HR,Development,3,22,16,0,9.454545454545455
2118,HR,Payment,3,23,8,0,9.434782608695652
1486,Tech,Hiring,3,23,16,0,9.434782608695652
1935,Tech,Campaign,3,23,5,0,9.434782608695652
947,Marketing,Payment,3,23,14,0,9.434782608695652
2539,HR,Campaign,3,23,7,0,9.434782608695652
2614,HR,Support,3,23,18,0,9.434782608695652
1374,Finance,Support,1,7,14,1,9.428571428571429
405,HR,Campaign,1,7,10,1,9.428571428571429
2800,Marketing,Payment,1,7,20,1,9.428571428571429
1801,Tech,Development,1,7,1,1,9.428571428571429
2340,Marketing,Campaign,1,7,18,1,9.428571428571429
398,Finance,Development,1,7,2,1,9.428571428571429
784,HR,Support,1,7,20,1,9.428571428571429
1671,Finance,Payment,3,24,5,0,9.416666666666666
2275,HR,Development,3,24,8,0,9.416666666666666
1507,HR,Campaign,3,24,4,0,9.416666666666666
1563,HR,Payment,3,24,13,0,9.416666666666666
1739,Tech,Campaign,3,24,1,0,9.416666666666666
65,Tech,Hiring,3,24,13,0,9.416666666666666
1909,Finance,Campaign,3,24,9,0,9.416666666666666
1795,HR,Hiring,3,25,1,0,9.4
435,HR,Support,3,25,17,0,9.4
2961,Tech,Support,3,25,1,0,9.4
684,HR,Hiring,3,25,1,0,9.4
2438,Tech,Support,3,25,15,0,9.4
1873,Tech,Support,3,25,2,0,9.4
168,Tech,Support,3,25,9,0,9.4
1087,Marketing,Support,3,26,20,0,9.384615384615385
755,Finance,Payment,3,26,15,0,9.384615384615385
2994,Finance,Support,3,26,12,0,9.384615384615385
1375,Tech,Hiring,3,26,3,0,9.384615384615385
535,Tech,Support,3,26,11,0,9.384615384615385
1215,Finance,Hiring,3,26,16,0,9.384615384615385
915,HR,Development,3,26,5,0,9.384615384615385
1465,Tech,Payment,3,26,20,0,9.384615384615385
628,Finance,Payment,3,26,4,0,9.384615384615385
2794,Marketing,Campaign,3,26,7,0,9.384615384615385
2092,HR,Campaign,3,26,2,0,9.384615384615385
1874,Finance,Payment,3,26,16,0,9.384615384615385
2863,Tech,Hiring,3,26,16,0,9.384615384615385
2138,HR,Payment,3,26,17,0,9.384615384615385
1609,Finance,Hiring,3,26,14,0,9.384615384615385
2540,Tech,Hiring,3,27,16,0,9.37037037037037
2577,Marketing,Hiring,3,27,5,0,9.37037037037037
982,HR,Development,3,27,10,0,9.37037037037037
2091,Finance,Campaign,3,27,10,0,9.37037037037037
2833,Marketing,Campaign,3,27,9,0,9.37037037037037
495,Marketing,Payment,3,28,9,0,9.357142857142858
2868,Finance,Hiring,3,28,20,0,9.357142857142858
55,Tech,Hiring,3,28,3,0,9.357142857142858
919,HR,Support,3,28,12,0,9.357142857142858
19,HR,Hiring,3,28,12,0,9.357142857142858
2857,Finance,Support,3,28,19,0,9.357142857142858
2726,Finance,Development,3,28,6,0,9.357142857142858
1204,Finance,Payment,3,28,15,0,9.357142857142858
2252,Tech,Development,3,28,9,0,9.357142857142858
2856,Marketing,Campaign,3,28,3,0,9.357142857142858
1281,Finance,Hiring,3,28,2,0,9.357142857142858
2940,Marketing,Support,3,28,5,0,9.357142857142858
1527,Tech,Development,3,29,9,0,9.344827586206897
589,HR,Development,3,29,8,0,9.344827586206897
233,HR,Payment,3,29,10,0,9.344827586206897
2231,Finance,Campaign,3,29,4,0,9.344827586206897
2037,Finance,Payment,3,29,12,0,9.344827586206897
835,Marketing,Campaign,3,29,5,0,9.344827586206897
2791,Finance,Campaign,3,29,4,0,9.344827586206897
2170,HR,Hiring,3,29,5,0,9.344827586206897
2460,Finance,Development,3,29,13,0,9.344827586206897
2743,Tech,Development,3,29,17,0,9.344827586206897
519,HR,Payment,3,29,5,0,9.344827586206897
2270,HR,Development,3,29,16,0,9.344827586206897
1914,Finance,Development,3,29,8,0,9.344827586206897
2054,HR,Support,3,30,10,0,9.333333333333334
1435,HR,Campaign,2,3,12,0,9.333333333333334
1447,HR,Hiring,2,3,15,0,9.333333333333334
2640,HR,Hiring,2,3,6,0,9.333333333333334
2535,Finance,Support,3,30,18,0,9.333333333333334
2156,HR,Hiring,2,3,19,0,9.333333333333334
430,HR,Campaign,3,30,20,0,9.333333333333334
2844,Tech,Campaign,3,30,8,0,9.333333333333334
1022,Marketing,Development,3,30,12,0,9.333333333333334
2332,Finance,Support,2,3,3,0,9.333333333333334
402,HR,Payment,3,30,15,0,9.333333333333334
184,Tech,Campaign,2,3,3,0,9.333333333333334
1956,Marketing,Payment,3,30,3,0,9.333333333333334
2532,Finance,Campaign,2,3,1,0,9.333333333333334
257,Tech,Support,2,3,10,0,9.333333333333334
1556,Marketing,Payment,2,3,17,0,9.333333333333334
2182,Marketing,Campaign,2,3,2,0,9.333333333333334
762,Finance,Development,2,3,7,0,9.333333333333334
74,Finance,Hiring,1,8,16,1,9.25
229,Marketing,Development,1,8,2,1,9.25
811,Tech,Payment,1,9,9,1,9.11111111111111
905,Tech,Support,1,9,15,1,9.11111111111111
2432,HR,Development,1,9,18,1,9.11111111111111
234,HR,Campaign,1,9,15,1,9.11111111111111
1835,HR,Support,1,9,9,1,9.11111111111111
1125,Finance,Hiring,1,9,7,1,9.11111111111111
1605,HR,Campaign,1,9,10,1,9.11111111111111
2507,Marketing,Development,1,9,17,1,9.11111111111111
2752,Marketing,Payment,1,9,13,1,9.11111111111111
895,HR,Hiring,1,9,10,1,9.11111111111111
1748,Marketing,Payment,1,9,11,1,9.11111111111111
2318,Marketing,Hiring,1,10,16,1,9.0
648,Marketing,Payment,1,10,13,1,9.0
2542,Marketing,Support,1,10,14,1,9.0
563,Tech,Support,1,10,9,1,9.0
772,Marketing,Hiring,1,10,17,1,9.0
2946,Finance,Support,1,10,12,1,9.0
1232,HR,Support,1,10,12,1,9.0
1093,HR,Hiring,1,10,10,1,9.0
1861,Finance,Support,1,10,17,1,9.0
1778,Tech,Hiring,1,11,15,1,8.90909090909091
809,Finance,Campaign,1,11,10,1,8.90909090909091
1085,Finance,Campaign,1,11,12,1,8.90909090909091
27,Finance,Support,1,11,13,1,8.90909090909091
1982,HR,Hiring,1,11,12,1,8.90909090909091
2026,Finance,Campaign,1,11,19,1,8.90909090909091
31,Marketing,Payment,1,11,16,1,8.90909090909091
440,Tech,Support,1,11,16,1,8.90909090909091
1837,Finance,Development,1,11,1,1,8.90909090909091
646,Marketing,Hiring,1,11,19,1,8.90909090909091
2952,Tech,Campaign,1,11,11,1,8.90909090909091
604,Finance,Hiring,1,11,6,1,8.90909090909091
436,HR,Payment,1,11,8,1,8.90909090909091
2646,Tech,Hiring,1,11,8,1,8.90909090909091
1467,Finance,Campaign,1,12,2,1,8.833333333333334
277,Marketing,Payment,1,12,14,1,8.833333333333334
1678,Tech,Hiring,1,12,6,1,8.833333333333334
768,HR,Campaign,1,12,8,1,8.833333333333334
2497,HR,Campaign,1,12,9,1,8.833333333333334
1211,Marketing,Support,1,12,10,1,8.833333333333334
888,Finance,Development,1,12,18,1,8.833333333333334
1012,Marketing,Hiring,1,12,1,1,8.833333333333334
138,Marketing,Campaign,1,13,4,1,8.76923076923077
1662,Tech,Development,1,13,12,1,8.76923076923077
191,Tech,Campaign,1,13,17,1,8.76923076923077
801,Marketing,Support,1,13,11,1,8.76923076923077
1604,Marketing,Development,1,13,1,1,8.76923076923077
456,Tech,Development,1,13,9,1,8.76923076923077
2502,Tech,Campaign,1,13,6,1,8.76923076923077
1226,Finance,Payment,1,13,20,1,8.76923076923077
2338,Finance,Hiring,1,13,19,1,8.76923076923077
1502,Finance,Support,1,13,10,1,8.76923076923077
2528,Marketing,Hiring,1,14,9,1,8.714285714285715
291,Marketing,Campaign,1,14,13,1,8.714285714285715
745,Tech,Support,1,14,11,1,8.714285714285715
2915,Marketing,Development,1,14,1,1,8.714285714285715
1038,Tech,Support,1,14,11,1,8.714285714285715
2213,Finance,Hiring,1,14,13,1,8.714285714285715
1821,Tech,Hiring,1,14,8,1,8.714285714285715
2758,HR,Support,1,14,3,1,8.714285714285715
1284,Marketing,Campaign,1,14,4,1,8.714285714285715
1657,Finance,Payment,1,14,11,1,8.714285714285715
1761,HR,Hiring,1,14,18,1,8.714285714285715
2082,HR,Support,1,14,6,1,8.714285714285715
1279,Marketing,Campaign,1,15,8,1,8.666666666666666
2345,Marketing,Payment,1,15,17,1,8.666666666666666
1637,Marketing,Support,1,15,3,1,8.666666666666666
1472,Finance,Hiring,1,15,6,1,8.666666666666666
1513,Marketing,Support,1,15,1,1,8.666666666666666
47,HR,Payment,1,15,6,1,8.666666666666666
816,Marketing,Payment,1,15,11,1,8.666666666666666
12,Tech,Support,1,15,3,1,8.666666666666666
2929,Finance,Support,1,16,7,1,8.625
1214,Finance,Support,1,16,15,1,8.625
1081,Tech,Payment,1,16,9,1,8.625
165,Finance,Campaign,1,16,3,1,8.625
1933,Marketing,Campaign,1,16,13,1,8.625
998,HR,Campaign,1,16,13,1,8.625
2007,HR,Campaign,1,16,17,1,8.625
2453,Finance,Development,1,16,9,1,8.625
1253,HR,Campaign,1,16,12,1,8.625
2590,Tech,Campaign,1,16,3,1,8.625
1326,Marketing,Support,1,16,11,1,8.625
548,HR,Support,1,16,8,1,8.625
922,Tech,Campaign,1,16,19,1,8.625
1381,Finance,Payment,1,16,20,1,8.625
781,Marketing,Hiring,1,17,2,1,8.588235294117647
1728,Marketing,Payment,1,17,18,1,8.588235294117647
972,Tech,Payment,1,17,5,1,8.588235294117647
2095,Tech,Campaign,1,17,16,1,8.588235294117647
2090,Marketing,Payment,1,17,13,1,8.588235294117647
45,HR,Hiring,1,17,11,1,8.588235294117647
381,HR,Development,1,17,1,1,8.588235294117647
1989,Tech,Support,1,17,14,1,8.588235294117647
2329,Tech,Development,1,18,6,1,8.555555555555555
2764,Marketing,Payment,1,18,19,1,8.555555555555555
2154,Marketing,Payment,1,18,13,1,8.555555555555555
1849,Marketing,Campaign,1,18,5,1,8.555555555555555
2454,Tech,Payment,1,18,5,1,8.555555555555555
2470,HR,Payment,1,18,2,1,8.555555555555555
2518,Finance,Development,1,18,16,1,8.555555555555555
2475,HR,Campaign,1,18,5,1,8.555555555555555
1475,HR,Campaign,1,19,17,1,8.526315789473685
1626,Tech,Payment,1,19,19,1,8.526315789473685
2725,Marketing,Campaign,1,19,14,1,8.526315789473685
418,Finance,Payment,1,19,2,1,8.526315789473685
1224,Tech,Development,1,19,12,1,8.526315789473685
1957,Finance,Payment,1,19,15,1,8.526315789473685
2226,Marketing,Hiring,1,19,18,1,8.526315789473685
557,HR,Development,1,19,10,1,8.526315789473685
452,Finance,Hiring,1,19,14,1,8.526315789473685
1393,HR,Payment,1,19,9,1,8.526315789473685
1634,Tech,Development,1,19,13,1,8.526315789473685
296,HR,Support,1,19,12,1,8.526315789473685
2691,HR,Payment,1,19,5,1,8.526315789473685
2142,Finance,Development,1,19,19,1,8.526315789473685
1712,Marketing,Hiring,2,4,6,0,8.5
2137,Finance,Campaign,2,4,16,0,8.5
1148,Finance,Support,1,20,13,1,8.5
1048,Marketing,Payment,1,20,20,1,8.5
2555,Marketing,Payment,2,4,15,0,8.5
2374,HR,Development,1,20,18,1,8.5
910,Finance,Campaign,2,4,4,0,8.5
1068,Tech,Development,2,4,11,0,8.5
1063,Tech,Payment,2,4,6,0,8.5
1095,Finance,Campaign,2,4,3,0,8.5
2108,Tech,Development,2,4,2,0,8.5
1519,HR,Support,1,20,10,1,8.5
1171,HR,Hiring,2,4,18,0,8.5
2304,Marketing,Development,1,20,5,1,8.5
391,Tech,Support,2,4,16,0,8.5
1773,Marketing,Development,2,4,14,0,8.5
1913,Finance,Development,2,4,4,0,8.5
1003,Marketing,Campaign,2,4,2,0,8.5
2713,Finance,Support,2,4,4,0,8.5
2249,HR,Campaign,1,20,10,1,8.5
691,Finance,Campaign,1,20,7,1,8.5
1410,Finance,Support,2,4,3,0,8.5
1403,Marketing,Campaign,2,4,1,0,8.5
2572,Marketing,Campaign,2,4,13,0,8.5
1856,Finance,Campaign,2,4,3,0,8.5
1565,Tech,Hiring,2,4,7,0,8.5
2187,Marketing,Support,2,4,3,0,8.5
2558,Tech,Payment,1,20,20,1,8.5
1305,Finance,Development,1,20,15,1,8.5
1184,HR,Development,1,21,14,1,8.476190476190476
1178,HR,Payment,1,21,12,1,8.476190476190476
2349,HR,Support,1,21,20,1,8.476190476190476
2276,Marketing,Development,1,21,6,1,8.476190476190476
2722,Marketing,Campaign,1,21,15,1,8.476190476190476
2184,Finance,Hiring,1,21,9,1,8.476190476190476
59,Tech,Support,1,21,8,1,8.476190476190476
2591,Finance,Payment,1,21,2,1,8.476190476190476
1230,Tech,Hiring,1,21,14,1,8.476190476190476
716,HR,Support,1,21,8,1,8.476190476190476
1169,Tech,Hiring,1,22,19,1,8.454545454545455
523,Finance,Support,1,22,4,1,8.454545454545455
2268,HR,Campaign,1,22,10,1,8.454545454545455
2712,Tech,Campaign,1,22,7,1,8.454545454545455
1005,Marketing,Hiring,1,22,2,1,8.454545454545455
2408,Tech,Development,1,22,16,1,8.454545454545455
1791,Marketing,Campaign,1,22,3,1,8.454545454545455
2679,Tech,Payment,1,22,20,1,8.454545454545455
2551,HR,Payment,1,22,18,1,8.454545454545455
1948,Finance,Payment,1,22,18,1,8.454545454545455
1585,Finance,Hiring,1,22,2,1,8.454545454545455
2789,Finance,Support,1,22,4,1,8.454545454545455
3000,HR,Campaign,1,22,7,1,8.454545454545455
1096,Finance,Campaign,1,23,5,1,8.434782608695652
2707,Marketing,Payment,1,23,5,1,8.434782608695652
887,Marketing,Development,1,23,19,1,8.434782608695652
1733,Tech,Hiring,1,23,6,1,8.434782608695652
213,Marketing,Payment,1,23,4,1,8.434782608695652
1792,Finance,Hiring,1,23,16,1,8.434782608695652
611,Marketing,Payment,1,23,4,1,8.434782608695652
1322,Tech,Development,1,23,13,1,8.434782608695652
2840,Tech,Hiring,1,23,7,1,8.434782608695652
1572,HR,Development,1,23,3,1,8.434782608695652
1377,HR,Hiring,1,23,19,1,8.434782608695652
1938,Finance,Development,1,24,1,1,8.416666666666666
631,Marketing,Support,1,24,15,1,8.416666666666666
1776,HR,Support,1,24,15,1,8.416666666666666
395,Tech,Development,1,24,15,1,8.416666666666666
1769,Tech,Payment,1,24,6,1,8.416666666666666
2393,HR,Support,1,24,3,1,8.416666666666666
675,HR,Campaign,1,24,18,1,8.416666666666666
1297,Tech,Payment,1,24,6,1,8.416666666666666
783,HR,Payment,1,24,1,1,8.416666666666666
1160,HR,Development,1,25,9,1,8.4
2405,Tech,Hiring,1,25,12,1,8.4
2167,HR,Payment,1,25,3,1,8.4
1083,Marketing,Development,1,25,8,1,8.4
2357,Finance,Development,1,25,17,1,8.4
1587,Marketing,Support,1,25,19,1,8.4
67,HR,Support,1,25,6,1,8.4
2864,Tech,Hiring,1,25,1,1,8.4
2386,Finance,Support,1,25,14,1,8.4
2649,Tech,Payment,1,26,9,1,8.384615384615385
1580,Tech,Development,1,26,3,1,8.384615384615385
1659,Marketing,Payment,1,26,6,1,8.384615384615385
830,HR,Development,1,26,18,1,8.384615384615385
1545,HR,Development,1,26,5,1,8.384615384615385
465,HR,Hiring,1,26,2,1,8.384615384615385
1669,Tech,Campaign,1,26,18,1,8.384615384615385
1962,Marketing,Payment,1,26,16,1,8.384615384615385
2955,Finance,Campaign,1,26,4,1,8.384615384615385
643,HR,Payment,1,26,6,1,8.384615384615385
2014,HR,Development,1,26,13,1,8.384615384615385
2192,Marketing,Hiring,1,26,13,1,8.384615384615385
2310,Tech,Development,1,26,3,1,8.384615384615385
1461,Marketing,Payment,1,26,18,1,8.384615384615385
93,Finance,Hiring,1,26,6,1,8.384615384615385
1251,Tech,Payment,1,27,8,1,8.37037037037037
1044,Marketing,Campaign,1,27,15,1,8.37037037037037
218,Marketing,Hiring,1,27,9,1,8.37037037037037
324,Finance,Payment,1,27,10,1,8.37037037037037
1442,Finance,Hiring,1,27,19,1,8.37037037037037
2273,Marketing,Campaign,1,28,14,1,8.357142857142858
180,Tech,Campaign,1,28,18,1,8.357142857142858
2710,HR,Support,1,28,4,1,8.357142857142858
1517,Tech,Campaign,1,28,18,1,8.357142857142858
2753,Tech,Development,1,28,20,1,8.357142857142858
122,Marketing,Development,1,29,20,1,8.344827586206897
1770,Marketing,Development,1,29,19,1,8.344827586206897
472,HR,Development,1,29,6,1,8.344827586206897
2400,HR,Support,1,29,15,1,8.344827586206897
2166,Tech,Payment,1,29,2,1,8.344827586206897
944,Marketing,Support,1,29,6,1,8.344827586206897
1961,Finance,Hiring,1,29,20,1,8.344827586206897
2689,Marketing,Campaign,1,29,19,1,8.344827586206897
1261,Tech,Support,1,29,6,1,8.344827586206897
1143,HR,Hiring,1,29,8,1,8.344827586206897
1270,Finance,Development,1,30,7,1,8.333333333333334
832,Marketing,Payment,1,30,11,1,8.333333333333334
2625,HR,Hiring,1,30,9,1,8.333333333333334
1017,Finance,Development,1,30,17,1,8.333333333333334
1176,Tech,Development,1,30,17,1,8.333333333333334
1082,Marketing,Hiring,1,30,14,1,8.333333333333334
1233,Marketing,Hiring,1,30,2,1,8.333333333333334
2272,Marketing,Payment,1,30,8,1,8.333333333333334
1282,Tech,Campaign,1,30,12,1,8.333333333333334
2914,HR,Hiring,1,30,13,1,8.333333333333334
1553,Tech,Campaign,1,30,19,1,8.333333333333334
906,Finance,Campaign,1,30,11,1,8.333333333333334
1130,Finance,Support,1,30,12,1,8.333333333333334
1731,Finance,Campaign,1,30,15,1,8.333333333333334
2068,Marketing,Hiring,1,2,18,0,8.0
2873,Marketing,Campaign,2,5,19,0,8.0
426,Marketing,Support,1,2,3,0,8.0
1456,Marketing,Support,1,2,13,0,8.0
2354,HR,Development,2,5,4,0,8.0
514,Finance,Support,2,5,20,0,8.0
2396,HR,Hiring,2,5,4,0,8.0
707,HR,Support,1,2,13,0,8.0
1714,Marketing,Hiring,2,5,16,0,8.0
2505,Finance,Support,2,5,16,0,8.0
2876,Finance,Development,1,2,11,0,8.0
524,Tech,Payment,2,5,8,0,8.0
2104,Finance,Hiring,2,5,12,0,8.0
1023,Finance,Development,1,2,12,0,8.0
1504,Tech,Development,1,2,20,0,8.0
2793,Marketing,Hiring,2,5,14,0,8.0
24,HR,Support,1,2,1,0,8.0
812,Tech,Support,2,6,20,0,7.666666666666667
1995,Marketing,Development,2,6,12,0,7.666666666666667
2367,Finance,Support,2,6,5,0,7.666666666666667
1389,Tech,Campaign,2,6,7,0,7.666666666666667
2587,Finance,Support,2,6,7,0,7.666666666666667
2031,Tech,Payment,2,6,7,0,7.666666666666667
1937,Tech,Hiring,2,6,16,0,7.666666666666667
1498,HR,Hiring,2,7,1,0,7.428571428571429
2350,HR,Payment,2,7,13,0,7.428571428571429
2776,HR,Development,2,7,7,0,7.428571428571429
298,Tech,Support,2,7,6,0,7.428571428571429
249,Marketing,Payment,2,7,4,0,7.428571428571429
1531,Finance,Hiring,2,7,7,0,7.428571428571429
651,Tech,Payment,2,7,13,0,7.428571428571429
319,Tech,Payment,2,7,8,0,7.428571428571429
1290,Marketing,Hiring,2,7,5,0,7.428571428571429
537,HR,Support,2,7,18,0,7.428571428571429
453,Finance,Hiring,2,7,11,0,7.428571428571429
800,Tech,Hiring,2,8,13,0,7.25
2808,Tech,Development,2,8,6,0,7.25
2503,Marketing,Development,2,8,3,0,7.25
1155,HR,Development,2,8,13,0,7.25
1443,HR,Support,2,8,7,0,7.25
2440,Tech,Payment,2,8,6,0,7.25
212,Tech,Support,2,8,7,0,7.25
2701,Marketing,Hiring,2,8,20,0,7.25
2355,Finance,Campaign,2,9,8,0,7.111111111111111
999,HR,Campaign,2,9,15,0,7.111111111111111
1518,Tech,Support,2,9,8,0,7.111111111111111
2934,Marketing,Campaign,2,9,4,0,7.111111111111111
1094,Tech,Hiring,2,9,3,0,7.111111111111111
2951,Finance,Hiring,2,9,14,0,7.111111111111111
1515,HR,Support,2,9,18,0,7.111111111111111
2433,Finance,Support,2,9,7,0,7.111111111111111
1058,Tech,Campaign,2,9,17,0,7.111111111111111
665,Marketing,Payment,2,9,12,0,7.111111111111111
2576,Finance,Support,2,9,14,0,7.111111111111111
2193,Finance,Support,2,9,12,0,7.111111111111111
1785,Tech,Hiring,2,9,2,0,7.111111111111111
2916,Marketing,Hiring,2,9,12,0,7.111111111111111
1107,Marketing,Payment,2,9,1,0,7.111111111111111
6,HR,Campaign,2,9,15,0,7.111111111111111
1061,Marketing,Development,2,10,3,0,7.0
1859,Tech,Hiring,2,10,10,0,7.0
1037,HR,Payment,2,10,2,0,7.0
1930,Tech,Support,2,10,13,0,7.0
130,HR,Support,2,10,2,0,7.0
1480,HR,Support,2,10,13,0,7.0
2365,HR,Payment,2,10,6,0,7.0
2416,Finance,Development,2,10,14,0,7.0
977,HR,Payment,2,11,10,0,6.909090909090909
2036,Finance,Campaign,2,11,7,0,6.909090909090909
1998,Marketing,Campaign,2,11,16,0,6.909090909090909
1206,Finance,Hiring,2,11,15,0,6.909090909090909
1187,HR,Hiring,2,11,8,0,6.909090909090909
2628,Finance,Hiring,2,11,19,0,6.909090909090909
1922,Marketing,Development,2,11,4,0,6.909090909090909
1271,Finance,Hiring,2,11,2,0,6.909090909090909
1301,Tech,Campaign,2,11,10,0,6.909090909090909
428,HR,Development,2,11,20,0,6.909090909090909
2772,Marketing,Campaign,2,11,8,0,6.909090909090909
2127,Marketing,Support,2,11,7,0,6.909090909090909
255,Marketing,Hiring,2,11,3,0,6.909090909090909
1535,Tech,Support,2,12,2,0,6.833333333333333
1300,Finance,Payment,2,12,2,0,6.833333333333333
2437,Finance,Campaign,2,12,14,0,6.833333333333333
1917,HR,Support,2,12,10,0,6.833333333333333
44,HR,Campaign,2,12,13,0,6.833333333333333
125,Marketing,Payment,2,12,3,0,6.833333333333333
1421,Marketing,Campaign,2,12,17,0,6.833333333333333
586,Tech,Payment,2,12,11,0,6.833333333333333
1383,Tech,Payment,2,13,10,0,6.769230769230769
1867,Finance,Hiring,2,13,17,0,6.769230769230769
1414,HR,Development,2,13,10,0,6.769230769230769
2920,Finance,Support,2,13,8,0,6.769230769230769
1213,Finance,Campaign,2,13,1,0,6.769230769230769
2307,Finance,Development,2,13,2,0,6.769230769230769
2385,Marketing,Hiring,2,13,4,0,6.769230769230769
1227,Tech,Campaign,2,13,9,0,6.769230769230769
2770,Marketing,Support,2,13,18,0,6.769230769230769
2439,Tech,Development,2,13,15,0,6.769230769230769
2245,HR,Campaign,2,13,14,0,6.769230769230769
2926,Finance,Payment,2,13,19,0,6.769230769230769
1608,Marketing,Payment,2,13,4,0,6.769230769230769
2678,Finance,Payment,2,14,13,0,6.714285714285714
791,Finance,Development,2,14,6,0,6.714285714285714
73,Marketing,Campaign,2,14,16,0,6.714285714285714
1402,Tech,Development,2,14,10,0,6.714285714285714
1529,Finance,Payment,2,15,2,0,6.666666666666667
156,Finance,Development,2,15,3,0,6.666666666666667
242,Tech,Support,2,15,4,0,6.666666666666667
185,Marketing,Hiring,2,15,18,0,6.666666666666667
1830,Marketing,Development,2,15,18,0,6.666666666666667
2907,HR,Payment,2,15,5,0,6.666666666666667
1693,HR,Campaign,2,15,5,0,6.666666666666667
579,Finance,Campaign,2,15,20,0,6.666666666666667
1466,Finance,Campaign,2,15,4,0,6.666666666666667
43,Finance,Payment,2,15,9,0,6.666666666666667
1464,Tech,Support,2,15,15,0,6.666666666666667
2730,Marketing,Payment,2,16,20,0,6.625
2719,Tech,Payment,2,16,2,0,6.625
28,Finance,Hiring,2,16,12,0,6.625
2039,Finance,Development,2,16,5,0,6.625
423,Finance,Payment,2,16,5,0,6.625
1328,Marketing,Development,2,16,16,0,6.625
2493,HR,Support,2,16,9,0,6.625
983,HR,Development,2,17,17,0,6.588235294117647
1910,Marketing,Hiring,2,17,18,0,6.588235294117647
509,HR,Campaign,2,17,13,0,6.588235294117647
1152,Marketing,Hiring,2,17,12,0,6.588235294117647
2251,Marketing,Hiring,2,17,18,0,6.588235294117647
1272,Finance,Development,2,17,6,0,6.588235294117647
1915,HR,Payment,2,17,8,0,6.588235294117647
146,Tech,Payment,2,17,16,0,6.588235294117647
2029,Finance,Development,2,17,14,0,6.588235294117647
1346,Tech,Payment,2,17,13,0,6.588235294117647
1863,Tech,Development,2,17,6,0,6.588235294117647
2692,Marketing,Payment,2,18,18,0,6.555555555555555
195,Tech,Campaign,2,18,19,0,6.555555555555555
2513,Finance,Hiring,2,18,14,0,6.555555555555555
2882,Marketing,Development,2,18,16,0,6.555555555555555
505,Tech,Payment,2,18,19,0,6.555555555555555
1432,Marketing,Development,2,18,6,0,6.555555555555555
1646,Tech,Support,2,18,11,0,6.555555555555555
2971,HR,Development,2,18,19,0,6.555555555555555
2274,Finance,Hiring,2,18,5,0,6.555555555555555
1031,Tech,Hiring,2,18,8,0,6.555555555555555
2867,HR,Hiring,2,19,8,0,6.526315789473684
1665,Tech,Support,2,19,13,0,6.526315789473684
1407,Finance,Campaign,2,19,16,0,6.526315789473684
749,Marketing,Campaign,2,19,5,0,6.526315789473684
1720,Marketing,Campaign,2,19,4,0,6.526315789473684
822,HR,Support,2,19,11,0,6.526315789473684
226,Finance,Payment,2,19,11,0,6.526315789473684
1506,Tech,Development,2,19,17,0,6.526315789473684
1579,Finance,Payment,2,19,16,0,6.526315789473684
2927,HR,Hiring,2,19,18,0,6.526315789473684
1386,HR,Support,2,19,6,0,6.526315789473684
1715,Finance,Support,2,19,16,0,6.526315789473684
2942,Tech,Campaign,2,19,9,0,6.526315789473684
1735,Marketing,Campaign,2,19,3,0,6.526315789473684
900,Tech,Support,2,19,3,0,6.526315789473684
2818,Tech,Support,2,19,20,0,6.526315789473684
2055,Tech,Campaign,2,20,5,0,6.5
1639,Marketing,Hiring,2,20,1,0,6.5
2362,Finance,Development,2,20,13,0,6.5
222,Tech,Support,2,20,16,0,6.5
501,Tech,Hiring,2,20,6,0,6.5
336,HR,Payment,2,20,15,0,6.5
1755,Marketing,Hiring,2,20,20,0,6.5
2901,Finance,Hiring,2,20,20,0,6.5
1865,HR,Campaign,2,21,20,0,6.476190476190476
1427,Tech,Development,2,21,15,0,6.476190476190476
2673,Finance,Support,2,21,3,0,6.476190476190476
1653,Finance,Development,2,21,20,0,6.476190476190476
2101,Tech,Campaign,2,22,10,0,6.454545454545454
2697,HR,Payment,2,22,13,0,6.454545454545454
1451,HR,Support,2,22,13,0,6.454545454545454
2299,Tech,Development,2,22,14,0,6.454545454545454
1541,Tech,Hiring,2,22,12,0,6.454545454545454
2512,Marketing,Payment,2,22,2,0,6.454545454545454
958,Marketing,Development,2,22,17,0,6.454545454545454
2904,Finance,Hiring,2,22,15,0,6.454545454545454
715,HR,Payment,2,23,7,0,6.434782608695652
194,Tech,Payment,2,23,15,0,6.434782608695652
2785,Finance,Campaign,2,23,18,0,6.434782608695652
163,HR,Hiring,2,23,10,0,6.434782608695652
510,Finance,Campaign,2,23,18,0,6.434782608695652
2467,HR,Development,2,23,13,0,6.434782608695652
170,Finance,Support,2,23,19,0,6.434782608695652
2186,Tech,Hiring,2,23,4,0,6.434782608695652
1988,HR,Development,2,23,7,0,6.434782608695652
1378,Marketing,Development,2,23,19,0,6.434782608695652
2202,Finance,Support,2,23,2,0,6.434782608695652
1599,HR,Payment,2,23,12,0,6.434782608695652
1555,HR,Payment,2,23,8,0,6.434782608695652
388,Tech,Support,2,23,5,0,6.434782608695652
1742,Finance,Hiring,2,23,8,0,6.434782608695652
396,HR,Support,2,23,12,0,6.434782608695652
462,Marketing,Payment,2,24,9,0,6.416666666666667
2504,Finance,Development,2,24,20,0,6.416666666666667
1892,Finance,Hiring,2,24,17,0,6.416666666666667
1471,Marketing,Hiring,2,24,10,0,6.416666666666667
1804,HR,Support,2,24,8,0,6.416666666666667
624,Finance,Campaign,2,24,18,0,6.416666666666667
407,Finance,Payment,2,24,6,0,6.416666666666667
1324,Finance,Campaign,2,25,8,0,6.4
2235,Marketing,Payment,2,25,1,0,6.4
2501,Finance,Payment,2,25,12,0,6.4
2810,HR,Development,2,25,20,0,6.4
1896,Tech,Hiring,2,25,20,0,6.4
615,Finance,Campaign,2,25,5,0,6.4
2897,Finance,Campaign,2,25,2,0,6.4
844,Tech,Payment,2,25,17,0,6.4
268,HR,Development,2,25,19,0,6.4
1056,Marketing,Support,2,26,12,0,6.384615384615385
861,HR,Support,2,26,9,0,6.384615384615385
175,HR,Development,2,26,8,0,6.384615384615385
478,HR,Hiring,2,26,13,0,6.384615384615385
2194,Marketing,Payment,2,26,1,0,6.384615384615385
908,Tech,Campaign,2,26,13,0,6.384615384615385
1236,HR,Support,2,26,20,0,6.384615384615385
2734,HR,Campaign,2,26,8,0,6.384615384615385
2607,HR,Support,2,26,17,0,6.384615384615385
2294,HR,Support,2,26,4,0,6.384615384615385
60,Marketing,Campaign,2,26,1,0,6.384615384615385
281,HR,Campaign,2,27,7,0,6.37037037037037
890,Marketing,Payment,2,27,2,0,6.37037037037037
2107,Tech,Payment,2,27,7,0,6.37037037037037
2522,Finance,Hiring,2,27,1,0,6.37037037037037
2861,Tech,Hiring,2,27,13,0,6.37037037037037
2247,Marketing,Campaign,2,27,17,0,6.37037037037037
152,Tech,Payment,2,28,4,0,6.357142857142857
864,Finance,Campaign,2,28,3,0,6.357142857142857
967,Marketing,Support,2,28,15,0,6.357142857142857
978,HR,Campaign,2,28,8,0,6.357142857142857
2203,Tech,Development,2,28,15,0,6.357142857142857
2139,Finance,Support,2,28,4,0,6.357142857142857
1911,HR,Development,2,28,14,0,6.357142857142857
40,Tech,Payment,2,28,7,0,6.357142857142857
2693,HR,Campaign,2,28,18,0,6.357142857142857
214,Tech,Support,2,28,20,0,6.357142857142857
238,Finance,Campaign,2,28,18,0,6.357142857142857
2421,Marketing,Development,2,28,16,0,6.357142857142857
1903,Marketing,Campaign,2,28,14,0,6.357142857142857
562,Tech,Payment,2,28,11,0,6.357142857142857
2495,Marketing,Support,2,29,13,0,6.344827586206897
2200,Marketing,Payment,2,29,13,0,6.344827586206897
1686,Marketing,Hiring,2,29,15,0,6.344827586206897
2982,HR,Payment,2,29,20,0,6.344827586206897
2331,HR,Development,2,29,7,0,6.344827586206897
2066,HR,Campaign,2,29,1,0,6.344827586206897
1661,Tech,Campaign,2,29,11,0,6.344827586206897
2079,Tech,Payment,2,29,10,0,6.344827586206897
2757,Marketing,Development,2,29,3,0,6.344827586206897
220,Tech,Payment,2,29,7,0,6.344827586206897
777,Marketing,Development,2,29,15,0,6.344827586206897
868,Finance,Hiring,2,29,12,0,6.344827586206897
2895,Tech,Hiring,2,29,8,0,6.344827586206897
52,Finance,Hiring,2,29,19,0,6.344827586206897
1183,HR,Hiring,1,3,19,0,6.333333333333334
674,Finance,Hiring,1,3,16,0,6.333333333333334
2890,Tech,Payment,1,3,15,0,6.333333333333334
750,Finance,Support,1,3,12,0,6.333333333333334
1790,Finance,Campaign,1,3,9,0,6.333333333333334
32,Marketing,Hiring,1,3,15,0,6.333333333333334
2617,Finance,Support,1,3,7,0,6.333333333333334
2395,Marketing,Hiring,1,3,10,0,6.333333333333334
366,Tech,Support,1,3,16,0,6.333333333333334
2917,Tech,Campaign,2,30,20,0,6.333333333333333
838,Marketing,Development,2,30,18,0,6.333333333333333
1057,HR,Campaign,2,30,5,0,6.333333333333333
1597,HR,Payment,2,30,10,0,6.333333333333333
269,Tech,Development,2,30,4,0,6.333333333333333
103,Finance,Support,2,30,7,0,6.333333333333333
725,Marketing,Support,2,30,8,0,6.333333333333333
331,Marketing,Support,2,30,19,0,6.333333333333333
2418,Finance,Payment,2,30,1,0,6.333333333333333
209,Finance,Development,2,30,8,0,6.333333333333333
2670,Tech,Support,2,30,11,0,6.333333333333333
1250,HR,Campaign,2,30,10,0,6.333333333333333
513,Tech,Campaign,1,4,12,0,5.5
2747,Marketing,Development,1,4,17,0,5.5
525,Finance,Development,1,4,7,0,5.5
2641,Tech,Development,1,4,14,0,5.5
1390,Marketing,Payment,1,4,18,0,5.5
2117,Marketing,Support,1,4,7,0,5.5
38,Marketing,Support,1,5,15,0,5.0
500,HR,Campaign,1,5,12,0,5.0
2582,Tech,Development,1,5,2,0,5.0
571,Finance,Hiring,1,5,2,0,5.0
2855,Finance,Payment,1,5,4,0,5.0
2854,Finance,Payment,1,5,7,0,5.0
730,HR,Development,1,5,1,0,5.0
2384,Finance,Payment,1,5,11,0,5.0
457,Finance,Development,1,5,4,0,5.0
2583,Finance,Support,1,5,15,0,5.0
1928,Tech,Hiring,1,5,9,0,5.0
618,HR,Campaign,1,6,14,0,4.666666666666667
1620,Marketing,Development,1,6,5,0,4.666666666666667
1807,HR,Support,1,6,7,0,4.666666666666667
1066,Tech,Payment,1,6,15,0,4.666666666666667
2720,Finance,Campaign,1,6,10,0,4.666666666666667
479,Marketing,Support,1,6,12,0,4.666666666666667
325,Finance,Hiring,1,6,2,0,4.666666666666667
2490,Tech,Payment,1,6,20,0,4.666666666666667
1194,HR,Payment,1,6,18,0,4.666666666666667
1872,Marketing,Support,1,6,3,0,4.666666666666667
2196,Finance,Campaign,1,6,19,0,4.666666666666667
2990,HR,Hiring,1,6,11,0,4.666666666666667
454,Finance,Hiring,1,6,7,0,4.666666666666667
445,HR,Hiring,1,7,12,0,4.428571428571429
91,HR,Campaign,1,7,15,0,4.428571428571429
955,Tech,Support,1,7,16,0,4.428571428571429
466,Tech,Support,1,7,13,0,4.428571428571429
2886,Marketing,Payment,1,7,8,0,4.428571428571429
935,HR,Hiring,1,7,19,0,4.428571428571429
2521,Marketing,Support,1,7,8,0,4.428571428571429
433,Marketing,Campaign,1,7,16,0,4.428571428571429
2865,Finance,Hiring,1,7,4,0,4.428571428571429
2970,Marketing,Development,1,7,10,0,4.428571428571429
187,Finance,Support,1,7,6,0,4.428571428571429
2078,Tech,Payment,1,7,17,0,4.428571428571429
29,HR,Hiring,1,8,1,0,4.25
2615,Finance,Support,1,8,5,0,4.25
1745,Finance,Hiring,1,8,12,0,4.25
1193,Marketing,Hiring,1,8,3,0,4.25
1114,Tech,Support,1,9,18,0,4.111111111111111
243,HR,Development,1,9,16,0,4.111111111111111
2645,Marketing,Payment,1,9,8,0,4.111111111111111
1103,HR,Development,1,9,2,0,4.111111111111111
1880,Marketing,Payment,1,9,7,0,4.111111111111111
1394,Finance,Campaign,1,9,20,0,4.111111111111111
2483,Marketing,Hiring,1,9,16,0,4.111111111111111
880,Marketing,Development,1,9,6,0,4.111111111111111
883,Tech,Campaign,1,9,14,0,4.111111111111111
2831,HR,Hiring,1,10,19,0,4.0
986,Finance,Campaign,1,10,12,0,4.0
1217,Finance,Hiring,1,10,6,0,4.0
2756,Tech,Campaign,1,10,9,0,4.0
2965,Finance,Hiring,1,10,3,0,4.0
159,Marketing,Support,1,10,2,0,4.0
245,Tech,Campaign,1,10,1,0,4.0
946,Tech,Campaign,1,10,18,0,4.0
666,Marketing,Hiring,1,10,14,0,4.0
770,Marketing,Support,1,10,15,0,4.0
610,HR,Support,1,11,16,0,3.909090909090909
2709,HR,Hiring,1,11,14,0,3.909090909090909
1015,Marketing,Campaign,1,11,16,0,3.909090909090909
2094,Finance,Development,1,11,6,0,3.909090909090909
996,Marketing,Hiring,1,11,12,0,3.909090909090909
2705,HR,Campaign,1,11,19,0,3.909090909090909
1904,Marketing,Support,1,11,16,0,3.909090909090909
1890,Marketing,Campaign,1,12,11,0,3.8333333333333335
1035,Marketing,Campaign,1,12,7,0,3.8333333333333335
1964,Finance,Support,1,12,4,0,3.8333333333333335
2742,Finance,Hiring,1,12,10,0,3.8333333333333335
924,Tech,Campaign,1,12,12,0,3.8333333333333335
308,Finance,Hiring,1,12,10,0,3.8333333333333335
339,HR,Support,1,12,3,0,3.8333333333333335
1026,Finance,Campaign,1,12,20,0,3.8333333333333335
807,HR,Support,1,12,16,0,3.8333333333333335
237,Finance,Hiring,1,12,9,0,3.8333333333333335
970,Tech,Support,1,13,19,0,3.769230769230769
1990,Marketing,Development,1,13,18,0,3.769230769230769
975,HR,Campaign,1,13,1,0,3.769230769230769
738,Marketing,Development,1,13,16,0,3.769230769230769
1834,Tech,Support,1,13,19,0,3.769230769230769
2648,Tech,Development,1,13,16,0,3.769230769230769
530,Finance,Payment,1,13,13,0,3.769230769230769
416,Marketing,Payment,1,13,18,0,3.769230769230769
2949,Finance,Support,1,13,9,0,3.769230769230769
431,Marketing,Payment,1,13,4,0,3.769230769230769
338,Tech,Payment,1,13,19,0,3.769230769230769
2255,HR,Development,1,13,8,0,3.769230769230769
48,Tech,Campaign,1,14,1,0,3.7142857142857144
2237,Tech,Hiring,1,14,15,0,3.7142857142857144
1457,Finance,Campaign,1,14,5,0,3.7142857142857144
1338,Finance,Payment,1,14,1,0,3.7142857142857144
1851,Tech,Hiring,1,14,17,0,3.7142857142857144
2981,Marketing,Payment,1,14,17,0,3.7142857142857144
984,Marketing,Support,1,15,3,0,3.6666666666666665
1847,HR,Payment,1,15,18,0,3.6666666666666665
1716,HR,Hiring,1,15,10,0,3.6666666666666665
1632,Tech,Development,1,15,6,0,3.6666666666666665
1252,Finance,Support,1,15,17,0,3.6666666666666665
627,Marketing,Support,1,15,1,0,3.6666666666666665
1289,HR,Hiring,1,15,19,0,3.6666666666666665
2600,Tech,Development,1,15,3,0,3.6666666666666665
1870,Finance,Development,1,15,16,0,3.6666666666666665
2643,Marketing,Development,1,15,8,0,3.6666666666666665
2305,Marketing,Support,1,16,18,0,3.625
223,Finance,Campaign,1,16,17,0,3.625
2681,Marketing,Hiring,1,16,5,0,3.625
211,Tech,Hiring,1,16,5,0,3.625
225,Finance,Development,1,16,2,0,3.625
1025,HR,Hiring,1,16,17,0,3.625
1743,Finance,Development,1,16,5,0,3.625
814,HR,Campaign,1,16,20,0,3.625
2984,Tech,Hiring,1,16,1,0,3.625
1983,HR,Support,1,16,17,0,3.625
2234,Tech,Hiring,1,16,11,0,3.625
859,Finance,Hiring,1,16,5,0,3.625
2488,Finance,Campaign,1,16,18,0,3.625
2219,HR,Payment,1,16,1,0,3.625
743,Finance,Development,1,16,19,0,3.625
2995,Finance,Support,1,17,2,0,3.588235294117647
1073,Finance,Development,1,17,9,0,3.588235294117647
747,Tech,Support,1,17,10,0,3.588235294117647
1827,Finance,Payment,1,17,11,0,3.588235294117647
2706,Finance,Support,1,17,13,0,3.588235294117647
2211,Marketing,Support,1,17,14,0,3.588235294117647
2570,Marketing,Payment,1,17,2,0,3.588235294117647
966,Marketing,Support,1,17,16,0,3.588235294117647
2175,Marketing,Development,1,17,16,0,3.588235294117647
2525,Tech,Support,1,17,2,0,3.588235294117647
1754,Tech,Hiring,1,17,10,0,3.588235294117647
2777,Marketing,Payment,1,17,11,0,3.588235294117647
792,HR,Campaign,1,17,16,0,3.588235294117647
2471,HR,Support,1,18,17,0,3.5555555555555554
685,Marketing,Hiring,1,18,16,0,3.5555555555555554
1906,Finance,Support,1,18,13,0,3.5555555555555554
250,Tech,Hiring,1,18,13,0,3.5555555555555554
621,HR,Support,1,18,6,0,3.5555555555555554
564,Tech,Campaign,1,18,6,0,3.5555555555555554
1053,Tech,Hiring,1,18,15,0,3.5555555555555554
932,HR,Hiring,1,18,13,0,3.5555555555555554
797,Marketing,Payment,1,19,12,0,3.526315789473684
862,Marketing,Support,1,19,17,0,3.526315789473684
2694,HR,Hiring,1,19,8,0,3.526315789473684
1666,Finance,Payment,1,19,3,0,3.526315789473684
1309,Marketing,Development,1,19,9,0,3.526315789473684
2765,Marketing,Campaign,1,20,15,0,3.5
295,Finance,Hiring,1,20,9,0,3.5
763,Marketing,Development,1,20,10,0,3.5
1561,Tech,Payment,1,20,8,0,3.5
256,Tech,Support,1,20,20,0,3.5
1203,HR,Development,1,20,11,0,3.5
1736,HR,Campaign,1,20,16,0,3.5
13,Tech,Development,1,21,20,0,3.4761904761904763
1109,Finance,Support,1,21,12,0,3.4761904761904763
2188,Finance,Hiring,1,21,9,0,3.4761904761904763
2009,Marketing,Payment,1,21,10,0,3.4761904761904763
2573,Marketing,Support,1,21,18,0,3.4761904761904763
177,Tech,Support,1,22,6,0,3.4545454545454546
1010,HR,Campaign,1,22,8,0,3.4545454545454546
622,Finance,Campaign,1,22,7,0,3.4545454545454546
1299,Marketing,Support,1,22,4,0,3.4545454545454546
1311,Tech,Support,1,22,6,0,3.4545454545454546
1959,Marketing,Support,1,22,14,0,3.4545454545454546
1274,Tech,Support,1,22,18,0,3.4545454545454546
2212,Tech,Development,1,22,20,0,3.4545454545454546
1397,Tech,Hiring,1,23,18,0,3.4347826086956523
240,HR,Campaign,1,23,9,0,3.4347826086956523
1482,Marketing,Hiring,1,23,12,0,3.4347826086956523
1449,Finance,Campaign,1,23,13,0,3.4347826086956523
2771,Tech,Payment,1,23,6,0,3.4347826086956523
1649,Marketing,Development,1,23,9,0,3.4347826086956523
2548,Tech,Hiring,1,23,15,0,3.4347826086956523
316,HR,Campaign,1,23,19,0,3.4347826086956523
608,HR,Payment,1,24,19,0,3.4166666666666665
144,HR,Development,1,24,17,0,3.4166666666666665
2152,Tech,Support,1,24,3,0,3.4166666666666665
1223,Marketing,Campaign,1,24,2,0,3.4166666666666665
708,HR,Development,1,24,13,0,3.4166666666666665
1888,HR,Campaign,1,24,18,0,3.4166666666666665
2021,Tech,Support,1,24,13,0,3.4166666666666665
1676,Marketing,Payment,1,24,19,0,3.4166666666666665
776,Marketing,Support,1,24,10,0,3.4166666666666665
846,Marketing,Development,1,24,9,0,3.4166666666666665
422,Finance,Development,1,24,3,0,3.4166666666666665
2260,Tech,Campaign,1,24,19,0,3.4166666666666665
1405,Finance,Development,1,24,18,0,3.4166666666666665
318,Marketing,Hiring,1,24,4,0,3.4166666666666665
2588,Finance,Support,1,25,20,0,3.4
276,HR,Development,1,25,17,0,3.4
2215,Finance,Campaign,1,25,18,0,3.4
1298,Marketing,Hiring,1,25,5,0,3.4
878,Finance,Hiring,1,25,14,0,3.4
625,Marketing,Support,1,25,12,0,3.4
1952,Tech,Payment,1,25,10,0,3.4
2370,Finance,Payment,1,25,1,0,3.4
534,Marketing,Hiring,1,25,8,0,3.4
2356,Tech,Hiring,1,25,1,0,3.4
2344,Marketing,Support,1,25,4,0,3.4
1099,Finance,Hiring,1,25,6,0,3.4
17,HR,Development,1,25,6,0,3.4
1753,Finance,Payment,1,25,1,0,3.4
1441,Marketing,Campaign,1,25,11,0,3.4
2782,Finance,Campaign,1,25,6,0,3.4
2723,HR,Hiring,1,26,15,0,3.3846153846153846
614,Finance,Development,1,26,16,0,3.3846153846153846
1812,Marketing,Payment,1,26,15,0,3.3846153846153846
1496,Marketing,Hiring,1,26,7,0,3.3846153846153846
1766,HR,Campaign,1,26,3,0,3.3846153846153846
1221,Marketing,Development,1,26,4,0,3.3846153846153846
1228,HR,Payment,1,26,9,0,3.3846153846153846
1154,Finance,Development,1,26,18,0,3.3846153846153846
1831,Finance,Payment,1,26,13,0,3.3846153846153846
2116,Finance,Hiring,1,26,20,0,3.3846153846153846
1200,Marketing,Payment,1,27,5,0,3.3703703703703702
2420,HR,Hiring,1,27,9,0,3.3703703703703702
2040,Tech,Payment,1,27,10,0,3.3703703703703702
2500,HR,Support,1,27,19,0,3.3703703703703702
1655,Finance,Hiring,1,27,3,0,3.3703703703703702
2435,Finance,Development,1,27,12,0,3.3703703703703702
787,Tech,Development,1,27,11,0,3.3703703703703702
733,Marketing,Payment,1,28,9,0,3.357142857142857
414,Marketing,Campaign,1,28,3,0,3.357142857142857
1647,Tech,Development,1,28,6,0,3.357142857142857
1164,Finance,Payment,1,28,4,0,3.357142857142857
1816,Tech,Development,1,29,16,0,3.344827586206897
760,Tech,Development,1,29,5,0,3.344827586206897
2538,Finance,Campaign,1,29,16,0,3.344827586206897
981,HR,Payment,1,29,2,0,3.344827586206897
1064,Marketing,Hiring,1,29,16,0,3.344827586206897
752,Marketing,Hiring,1,29,18,0,3.344827586206897
855,Tech,Campaign,1,29,4,0,3.344827586206897
2130,HR,Development,1,29,16,0,3.344827586206897
1146,Finance,Support,1,29,16,0,3.344827586206897
1681,HR,Payment,1,29,6,0,3.344827586206897
2879,Tech,Support,1,29,20,0,3.344827586206897
1420,Marketing,Hiring,1,30,15,0,3.3333333333333335
2046,HR,Support,1,30,3,0,3.3333333333333335
1177,Tech,Support,1,30,9,0,3.3333333333333335
1412,Finance,Support,1,30,2,0,3.3333333333333335
1418,Tech,Support,1,30,14,0,3.3333333333333335
460,Tech,Hiring,1,30,19,0,3.3333333333333335
